gene,gcn,mrna_mpc,prot_mpc,kGin,kGac,kTCleak,kTCmaxs,kTCd,mRNA params,mRNA_half_Schwan_h,Prot_half_Schwan_h,kTLnatSchwan_h,mRNA_half_lit_h,Prot_half_lit_h,kTLnatLit_s,mRNA_half_user_h,Prot_half_user_h,kTLnat_user_s,kTLnat_Schwan_s,kTCd_s,kTLd_s,kTLnat_cells,kTLnat_s
TP53,2.0,25.7439356401609,306553.31488081306,0.005,0.0005,0.0007247048,0.1,1.6470560000000002e-05,k3_2,0.685,,,11.69,,0.0,,,,,1.6470563172700914e-05,0.0,0.0,0.0
MDM2,2.0,2.195994510013725,35429.563772069654,0.005,0.0005,0.01654648,0.1,6.016903e-05,k4_3,3.2,,,,,0.0,,,,,6.016902609027303e-05,0.0,0.0,0.0
PPM1D,2.0,1.883995290011775,62915.519002850226,0.005,0.0005,0.0009540314,0.1,8.673013000000001e-05,k5_2,2.705,,,2.22,,0.0,,,,,8.673012769769085e-05,0.0,0.0,0.0
ATM,2.0,3.227991930020175,117895.97425408673,0.005,0.0005,0.00021567720000000002,0.1,1.307134e-05,k6_2,14.73,31.95,0.007833333,,,0.0,,,,2.175925833333333e-06,1.3071343074601065e-05,6.026318732046125e-06,0.2200992857115941,0.2200992857115941
ATR,2.0,6.9439826400434,211247.80201513172,0.005,0.0005,0.0001935969,0.1,1.759972e-05,k7_2,10.94,15.93,0.000786111,,,0.0,,,,2.1836416666666668e-07,1.759971512695372e-05,1.2086684462578386e-05,0.36769756762441586,0.36769756762441586
RB1,2.0,7.211981970045075,127153.81836922532,0.005,0.0005,0.002812902,0.1,3.0084509999999997e-05,k8_2,6.4,,,,,0.0,,,,,3.0084513045136514e-05,0.0,0.0,0.0
E2F1,2.0,13.843965390086526,101670.19658165984,0.005,0.0005,0.0045006429999999995,0.1,4.813522e-05,k9_2,6.4,,,4.0,,0.0,,,,,4.813522087221842e-05,0.0,0.0,0.0
E2F2,2.0,1.07999730000675,29124.653690620948,0.005,0.0005,0.007378104,0.1,7.89102e-05,k10_2,6.4,,,2.44,,0.0,,,,,7.891019815117775e-05,0.0,0.0,0.0
E2F3,2.0,3.323991690020775,53553.93651627623,0.005,0.0005,0.007469946999999999,0.1,7.989248e-05,k11_2,6.4,,,2.41,,0.0,,,,,7.989248277546626e-05,0.0,0.0,0.0
CCND1,2.0,9.8079754800613,21520.00019388982,0.005,0.0005,0.0004538279,0.1,1.3752920000000001e-05,k12_5,14.0,1.31,73.75,,,0.0,,,,0.02048611111111111,1.3752920249205263e-05,0.00014697777365562878,0.3224887464285195,0.3224887464285195
CCND2,2.0,0.29599926000185,15594.355021698255,0.005,0.0005,7.562257e-05,0.1,1.3752920000000001e-05,k13_5,14.0,1.31,73.75,,,0.0,,,,0.02048611111111111,1.3752920249205263e-05,0.00014697777365562878,7.74334227278257,7.74334227278257
CCND3,2.0,15.659960850097875,172742.7144134614,0.005,0.0005,0.0001512636,0.1,1.3752920000000001e-05,k14_5,14.0,1.31,73.75,,,0.0,,,,0.02048611111111111,1.3752920249205263e-05,0.00014697777365562878,1.62129010556,1.62129010556
CCNE1,2.0,8.611978470053824,211695.20695307467,0.005,0.0005,0.01200172,0.1,0.00012836059999999999,k15_4,14.0,,,1.5,,0.0,,,,,0.00012836058899258246,0.0,0.0,0.0
CCNE2,2.0,2.859992850017875,78786.47590462425,0.005,0.0005,0.01200172,0.1,0.00012836059999999999,k16_4,14.0,,,1.5,,0.0,,,,,0.00012836058899258246,0.0,0.0,0.0
SKP2,2.0,4.995987510031225,54855.060194913814,0.005,0.0005,0.006383891,0.1,6.827691e-05,k17_2,2.82,,,,,0.0,,,,,6.827690903860769e-05,0.0,0.0,0.0
CDC25A,2.0,2.3039942400144,0.0,0.005,0.0005,0.00486556,0.1,5.203808e-05,k18_2,2.82,,,3.7,,0.0,,,,,5.2038076618614514e-05,0.0,0.0,0.0
CDC25B,2.0,36.8479078802303,236880.9012613435,0.005,0.0005,0.002066885,0.1,2.210573e-05,k19_2,2.82,,,8.71,,0.0,,,,,2.210572715142063e-05,0.0,0.0,0.0
CDC25C,2.0,6.227984430038925,170639.8039907752,0.005,0.0005,0.004858994,0.1,7.795177e-05,k20_2,2.82,,,2.47,,0.0,,,,,7.79517746918517e-05,0.0,0.0,0.0
CCNA2,2.0,24.579938550153624,127964.80126386801,0.005,0.0005,0.01200172,0.1,0.00012836059999999999,k21_4,8.51,,,1.5,,0.0,,,,,0.00012836058899258246,0.0,0.0,0.0
CDKN1B,2.0,6.31198422003945,58384.23060664584,0.005,0.0005,0.00837329,0.1,8.95539e-05,k22_5,11.02,,,2.15,,0.0,,,,,8.955389929715056e-05,0.0,0.0,0.0
CDH1,2.0,1.3279966800083,24157.214979497003,0.005,0.0005,0.0021129779999999997,0.1,2.2598699999999998e-05,k23_2,8.52,,,,,0.0,,,,,2.259869524517297e-05,0.0,0.0,0.0
CCNB1,2.0,134.0956647608381,267853.48909722024,0.005,0.0005,0.01200172,0.1,0.00012836059999999999,k24_2,8.51,,,1.5,,0.0,,,,,0.00012836058899258246,0.0,0.0,0.0
CDC20,2.0,147.79963050092374,321209.41179621866,0.005,0.0005,0.002000286,0.1,2.139343e-05,k25_2,8.51,,,9.0,,0.0,,,,,2.1393431498763742e-05,0.0,0.0,0.0
WEE1,2.0,3.859990350024125,68087.77360920781,0.005,0.0005,0.008109267,0.1,8.673013000000001e-05,k26_2,2.82,,,2.22,,0.0,,,,,8.673012769769085e-05,0.0,0.0,0.0
CHEK1,2.0,10.243974390064025,154849.4896926726,0.005,0.0005,0.003061662,0.1,3.274505e-05,k27_2,5.88,7.71,,,,0.0,,,,,3.274504821239349e-05,2.4972877235910985e-05,0.37749384651813905,0.37749384651813905
CDKN1A,2.0,3.259991850020375,36042.62898996971,0.005,0.0005,0.01268336,0.1,0.0001925409,k28_2,11.02,14.78,31.25,1.0,0.5,0.0,,,,0.008680555555555556,0.0001925408834888737,0.0003850817669777474,4.257482808705234,4.257482808705234
CDK1,2.0,24.47193882015295,92288.38465987211,0.005,0.0005,0.005235381,0.1,2.163381e-05,k29_2,8.9,21.88,,,,0.0,,,,,2.1633807133581313e-05,8.79985756347686e-06,0.033185954155027654,0.033185954155027654
CDK2,2.0,14.195964510088725,110575.21249648482,0.005,0.0005,0.0004487182,0.1,4.079256e-05,k30_2,4.72,46.9,,,,0.0,,,,,4.079256006120205e-05,4.105349328120975e-06,0.031977388644967866,0.031977388644967866
CDK4,2.0,103.73174067064832,194256.90122699822,0.005,0.0005,0.00111046,0.1,1.835471e-05,k31_2,10.49,6.96,,,,0.0,,,,,1.8354707672914556e-05,2.766392004150484e-05,0.05180581515658273,0.05180581515658273
CDK6,4.0,12.859967850080375,214952.062555849,0.005,0.0005,0.001594156,0.1,4.140664000000001e-05,k32_2,4.65,13.79,,,,0.0,,,,,4.140664161051047e-05,1.3962355582949507e-05,0.2333782763441677,0.2333782763441677
TNFSF10,2.0,0.699998250004375,18681.49559998295,0.005,0.0005,0.0,0.0,0.0,k33_2,,,,,,0.0,,,,,0.0,0.0,0.0,0.0
TNFRSF10A,2.0,0.1759995600011,5616.555297266812,0.005,0.0005,0.00033833059999999996,0.1,6.151466e-05,k34_2,9.07,71.62,286.68,3.13,,0.0,,,,0.07963333333333333,6.151465926162098e-05,2.688367543826776e-06,0.08579206089598221,0.08579206089598221
TNFRSF10B,2.0,9.419976450058876,72092.1548414945,0.005,0.0005,0.004398298,0.1,6.151466e-05,k35_2,9.07,71.62,286.68,3.13,,0.0,,,,0.07963333333333333,6.151465926162098e-05,2.688367543826776e-06,0.02057438362695661,0.02057438362695661
CFLAR,2.0,6.931982670043324,371450.34704026335,0.005,0.0005,0.002909272,0.1,5.289585e-05,k36_2,0.43,22.53,65.45,3.64,1.0,0.0,,,,0.018180555555555557,5.289584711232794e-05,0.0001925408834888737,10.317304787914892,10.317304787914892
CASP8,2.0,3.7159907100232243,125109.85659040094,0.005,0.0005,0.001433469,0.1,3.2578829999999996e-05,k37_2,5.91,82.29,61.88,,,0.0,,,,0.01718888888888889,3.257882969354885e-05,2.3397847063904934e-06,0.07877579679608471,0.07877579679608471
CASP10,2.0,0.899997750005625,121488.41421826406,0.005,0.0005,0.0008959178,0.1,3.2578829999999996e-05,k38_2,5.91,82.29,61.88,,,0.0,,,,0.01718888888888889,3.257882969354885e-05,2.3397847063904934e-06,0.3158416047037351,0.3158416047037351
BFAR,2.0,21.507946230134426,199281.94788285802,0.005,0.0005,0.01162289,0.1,5.8701490000000006e-05,k39_2,2.08,6.74,7.61,3.28,,0.0,,,,0.002113888888888889,5.870148886855905e-05,2.856689666007028e-05,0.2646866767507041,0.2646866767507041
CASP3,2.0,10.91997270006825,124847.45506527898,0.005,0.0005,0.0021956420000000003,0.1,3.070827e-05,k40_2,6.27,163.37,508.37,,,0.0,,,,0.1412138888888889,3.070827487860824e-05,1.1785571615894822e-06,0.013474380047899385,0.013474380047899385
CASP7,2.0,6.987982530043675,161053.218861528,0.005,0.0005,0.003805691,0.1,3.0084509999999997e-05,k41_2,6.4,31.75,76.63,,,0.0,,,,0.02128611111111111,3.0084513045136514e-05,6.0642797949251555e-06,0.13976448522167656,0.13976448522167656
CASP6,2.0,6.759983100042249,128434.53362996518,0.005,0.0005,0.003387716,0.1,2.28129e-05,k42_2,8.44,361.84,265.11,,,0.0,,,,0.07364166666666667,2.281290088730731e-05,5.321160830446431e-07,0.010109800564799553,0.010109800564799553
XIAP,2.0,9.043977390056526,223040.93341145883,0.005,0.0005,0.00201326,0.1,7.320946e-05,k43_2,2.08,6.74,7.61,2.63,,0.0,,,,0.002113888888888889,7.320946140261357e-05,2.856689666007028e-05,0.7045116347522113,0.7045116347522113
PARP1,2.0,46.2558843602891,148820.67185293915,0.005,0.0005,0.0006059529,0.1,1.049269e-05,k44_2,18.35,76.88,167.41,,,0.0,,,,0.046502777777777775,1.0492691198303743e-05,2.5044339683776493e-06,0.008057602852908786,0.008057602852908786
BID,2.0,13.92796518008705,181882.2259385027,0.005,0.0005,0.002525377,0.1,3.0610630000000003e-05,k45_2,6.29,67.97,351.83,,,0.0,,,,0.09773055555555556,3.061063330506736e-05,2.8327333160052035e-06,0.036992039708844404,0.036992039708844404
BCL2,2.0,0.9759975600060999,116022.58920703438,0.005,0.0005,0.0,0.0,7.02704e-05,k46_2,5.5,20.82,73.03,2.74,,0.0,,,,0.020286111111111112,7.027039543389551e-05,9.247881051338794e-06,1.0993501912528265,1.0993501912528265
BCL2L1,2.0,39.323901690245776,194544.1006559012,0.005,0.0005,0.0005776227,0.1,3.500743e-05,k47_2,5.5,20.82,73.03,,,0.0,,,,0.020286111111111112,3.50074333616134e-05,9.247881051338794e-06,0.04575132743126871,0.04575132743126871
MCL1,2.0,23.523941190147024,59061.542924506444,0.005,0.0005,0.005930259,0.1,7.701635e-05,k48_2,5.5,20.82,73.03,2.5,1.0,0.0,,,,0.020286111111111112,7.701635339554947e-05,0.0001925408834888737,0.4834122634035303,0.4834122634035303
BAX,2.0,147.30363174092065,665129.5321513766,0.005,0.0005,0.00031176880000000003,0.1,1.8895079999999997e-05,k49_2,10.19,77.91,344.26,,,0.0,,,,0.09562777777777777,1.8895081794786426e-05,2.4713243933881874e-06,0.011158929472014769,0.011158929472014769
CYCS,2.0,115.65571086072285,396938.7353999946,0.005,0.0005,0.009860899000000001,0.1,1.948794e-05,k50_2,7.036666667,145.82,283.37,9.88,,0.0,,,,0.07871388888888889,1.9487943672962924e-05,1.3204010663069105e-06,0.004531711625652739,0.004531711625652739
DIABLO,2.0,23.55994110014725,415941.2879221202,0.005,0.0005,0.0006093845,0.1,1.2310799999999999e-05,k51_2,15.64,91.69,90.27,,,0.0,,,,0.025075,1.231079817703796e-05,2.099911478774934e-06,0.03707309289489824,0.03707309289489824
APAF1,2.0,2.3519941200147,96197.04514110071,0.005,0.0005,0.00035358089999999997,0.1,3.214372e-05,k52_2,5.99,31.77,287.87,,,0.0,,,,0.07996388888888889,3.214372011500396e-05,6.060462180952902e-06,0.24787415454653275,0.24787415454653275
CASP9,2.0,3.70399074002315,276435.620963992,0.005,0.0005,0.0003529916,0.1,3.2090149999999996e-05,k53_2,5.91,82.29,61.88,6.0,,0.0,,,,0.01718888888888889,3.2090147248145615e-05,2.3397847063904934e-06,0.1746224231189804,0.1746224231189804
BAD,2.0,30.8479228801928,372902.316956028,0.005,0.0005,0.001349674,0.1,1.887656e-05,k54_2,5.5,20.82,73.03,10.2,,0.0,,,,0.020286111111111112,1.8876557204791537e-05,9.247881051338794e-06,0.11179217104410857,0.11179217104410857
BBC3,2.0,0.627998430003925,41945.4162343541,0.005,0.0005,0.0004449474,0.1,8.089953000000001e-05,k55_2,5.5,20.82,73.03,2.38,7.0,0.0,,,,0.020286111111111112,8.089953087767803e-05,2.7505840498410527e-05,1.8371764537283517,1.8371764537283517
PMAIP1,2.0,16.995957510106226,243158.89466237795,0.005,0.0005,0.0018179829999999998,0.1,8.263556999999998e-05,k56_2,5.5,20.82,73.03,2.33,1.5,0.0,,,,0.020286111111111112,8.263557231282133e-05,0.00012836058899258246,1.8364378069954983,1.8364378069954983
BCL2L11,2.0,0.96799758000605,46690.14322916588,0.005,0.0005,0.00120157,0.1,8.263556999999998e-05,k57_2,5.5,20.82,73.03,2.33,3.0,0.0,,,,0.020286111111111112,8.263557231282133e-05,6.418029449629123e-05,3.0956556136257647,3.0956556136257647
EGF,2.0,0.907997730005675,0.0,0.005,0.0005,0.0,0.0,1.925409e-05,k58_2,,,,10.0,10.0,0.05,,,,,1.925408834888737e-05,1.925408834888737e-05,0.0,0.05
NRG1,2.0,5.11198722003195,511346.394485006,0.005,0.0005,0.0,0.0,1.925409e-05,k59_2,,,,10.0,10.0,0.05,,,,,1.925408834888737e-05,1.925408834888737e-05,1.92596503718133,1.92596503718133
EGFR,2.0,15.207961980095051,252788.82593647976,0.005,0.0005,0.0009669567999999999,0.1,2.3141929999999998e-05,k60_2,8.32,12.71,83.9,,,0.0,,,,0.02330555555555556,2.3141933111643472e-05,1.5148771320918465e-05,0.2518049506967047,0.2518049506967047
ERBB2,2.0,17.04795738010655,242016.61481920863,0.005,0.0005,0.0003487022,0.1,1.8181389999999998e-05,k61_2,10.59,18.52,5.26,,,0.0,,,,0.001461111111111111,1.8181386542858707e-05,1.0396375998319314e-05,0.14758927825787335,0.14758927825787335
ERBB3,2.0,0.09199977000057499,2722.6030474969602,0.005,0.0005,0.0018527379999999998,0.1,2.036392e-05,k62_2,9.455,15.615,44.58,,,0.0,,,,0.012383333333333333,2.036392210352974e-05,1.2330508068451726e-05,0.3649039431744526,0.3649039431744526
ERBB4,0.0,0.00799998000005,784.1564209851792,0.005,0.0005,0.0,0.0,2.036392e-05,k63_2,9.455,15.615,44.58,,,0.0,,,,0.012383333333333333,2.036392210352974e-05,1.2330508068451726e-05,1.208633906062959,1.208633906062959
EGFRvIII,0.0,0.0,0.0,0.005,0.0005,0.0,0.0,2.3141929999999998e-05,k64_2,8.32,12.71,83.9,,,0.0,,,,0.02330555555555556,2.3141933111643472e-05,1.5148771320918465e-05,0.0,0.02330555555555556
MET,4.0,54.5278636803408,505295.47512487276,0.005,0.0005,0.001788629,0.1,1.8585029999999998e-05,k65_2,10.36,29.41,4.64,,,0.0,,,,0.001288888888888889,1.8585027363790896e-05,6.546782845592441e-06,0.060667327220003855,0.060667327220003855
HGF,4.0,0.07199982000045,4861.207008702416,0.005,0.0005,0.0,0.0,1.925409e-05,k66_2,,,,10.0,10.0,0.05,,,,,1.925408834888737e-05,1.925408834888737e-05,1.299976989209165,1.299976989209165
PDGFRA,2.0,0.011999970000075,1286.7922340867028,0.005,0.0005,0.0002349211,0.1,5.203808e-05,k67_2,10.36,29.41,83.9,3.7,3.0,0.0,,,,0.02330555555555556,5.2038076618614514e-05,6.418029449629123e-05,6.8822425838322046,6.8822425838322046
PDGFRB,2.0,0.09199977000057499,12466.41178859388,0.005,0.0005,0.000139518,0.1,5.203808e-05,k68_2,10.36,29.41,83.9,3.7,3.0,0.0,,,,0.02330555555555556,5.2038076618614514e-05,6.418029449629123e-05,8.69673891466241,8.69673891466241
PDGFB,2.0,0.00799998000005,0.0,0.005,0.0005,0.0,0.0,1.925409e-05,k69_2,,,,10.0,10.0,0.05,,,,,1.925408834888737e-05,1.925408834888737e-05,0.0,0.05
SPRY2,2.0,6.6079834800413,135355.64346342473,0.005,0.0005,0.00313867,0.1,0.0002873745,k70_2,4.54,29.59,9.91,0.67,2.0,0.0,,,,0.0027527777777777776,0.0002873744529684682,9.627044174443685e-05,1.9719703640580153,1.9719703640580153
CBL,2.0,2.61599346001635,63171.76848028117,0.005,0.0005,0.0006997631,0.1,4.240989000000001e-05,k71_2,4.54,29.59,9.91,,,0.0,,,,0.0027527777777777776,4.2409886231029446e-05,6.506957873905836e-06,0.15713190518402634,0.15713190518402634
GRB2,2.0,31.9999200002,197880.16701904713,0.005,0.0005,0.0006266123,0.1,2.27859e-05,k72_2,8.45,17.22,911.04,,,0.0,,,,0.25306666666666666,2.2785903371464344e-05,1.118123597496363e-05,0.06914219917397772,0.06914219917397772
PLCG1,2.0,19.99195002012495,198804.08187003536,0.005,0.0005,0.00010124040000000001,0.1,1.840735e-05,k73_2,10.46,30.97,16.41,,,0.0,,,,0.0045583333333333335,1.8407350237942037e-05,6.217012705485105e-06,0.061823258943930974,0.061823258943930974
PLCG2,2.0,0.3359991600021,32120.894472135158,0.005,0.0005,0.00010124040000000001,0.1,1.840735e-05,k74_2,10.46,30.97,16.41,,,0.0,,,,0.0045583333333333335,1.8407350237942037e-05,6.217012705485105e-06,0.594334846085813,0.594334846085813
PIK3CA,2.0,2.0119949700125748,86326.50896003975,0.005,0.0005,0.0006702373,0.1,6.093066e-05,k75_2,6.09,40.03,6.44,3.16,,0.0,,,,0.001788888888888889,6.0930659331922055e-05,4.809914651233417e-06,0.20637384607086415,0.20637384607086415
PIK3CB,2.0,8.555978610053474,153297.2701996993,0.005,0.0005,0.0006457164,0.1,5.8701490000000006e-05,k76_2,6.09,40.03,6.44,3.28,,0.0,,,,0.001788888888888889,5.870148886855905e-05,4.809914651233417e-06,0.0861791291835655,0.0861791291835655
PIK3CG,4.0,0.59999850000375,48977.6939128808,0.005,0.0005,0.0,0.0,6.418029e-05,k77_2,6.09,40.03,6.44,3.0,,0.0,,,,0.001788888888888889,6.418029449629123e-05,4.809914651233417e-06,0.3926318608025166,0.3926318608025166
PIK3CD,2.0,0.45999885000287494,34276.34801423757,0.005,0.0005,0.0,0.0,4.307402e-05,k78_2,6.09,40.03,6.44,4.47,,0.0,,,,0.001788888888888889,4.307402315187331e-05,4.809914651233417e-06,0.3584059145004957,0.3584059145004957
PIK3R1,2.0,3.5199912000220004,160929.67266700297,0.005,0.0005,0.0008273241000000001,0.1,7.521128e-05,k79_2,3.91,41.08,19.19,2.56,,0.0,,,,0.005330555555555556,7.521128261284129e-05,4.686973794763235e-06,0.2142826830320922,0.2142826830320922
PIK3R2,2.0,17.715955710110723,204469.80437629734,0.005,0.0005,0.0001033146,0.1,1.8784479999999998e-05,k80_2,3.91,41.08,19.19,10.25,,0.0,,,,0.005330555555555556,1.8784476437938897e-05,4.686973794763235e-06,0.05409499948033462,0.05409499948033462
PIK3R3,2.0,4.891987770030575,295755.1474862218,0.005,0.0005,0.003858613,0.1,7.795177e-05,k81_2,3.91,41.08,19.19,2.47,,0.0,,,,0.005330555555555556,7.79517746918517e-05,4.686973794763235e-06,0.28336060740511493,0.28336060740511493
PIK3R4,2.0,8.283979290051775,171174.99365708962,0.005,0.0005,0.0002084596,0.1,3.790175e-05,k82_2,12.02,64.41,228.44,5.08,,0.0,,,,0.06345555555555556,3.790174871828222e-05,2.9893010943777935e-06,0.06176905783477059,0.06176905783477059
PIK3C2A,2.0,2.827992930017675,59460.745211843554,0.005,0.0005,0.0007097687,0.1,2.5809770000000003e-05,k83_2,7.46,21.41,29.62,,,0.0,,,,0.008227777777777778,2.580976990467476e-05,8.993035193314978e-06,0.18908554142230546,0.18908554142230546
RASGRP1,2.0,0.3039992400019,0.0,0.005,0.0005,0.0,0.0,7.405418999999999e-05,k84_2,12.05333333,28.41333333,746.46,2.6,,0.0,,,,0.20735,7.40541859572591e-05,6.7764271531485846e-06,0.0,0.20735
RASGRP3,2.0,0.7359981600045999,0.0,0.005,0.0005,0.000407298,0.1,7.405418999999999e-05,k85_2,12.05333333,28.41333333,746.46,2.6,,0.0,,,,0.20735,7.40541859572591e-05,6.7764271531485846e-06,0.0,0.20735
NRAS,2.0,12.731968170079575,92202.29734420078,0.005,0.0005,0.001503615,0.1,1.952747e-05,k86_2,9.86,32.34,746.46,,,0.0,,,,0.20735,1.9527472970474005e-05,5.953645129526088e-06,0.0431150746829888,0.0431150746829888
KRAS,2.0,2.31199422001445,45689.74220882969,0.005,0.0005,0.001379772,0.1,3.135845e-05,k87_2,6.14,22.55,746.46,,,0.0,,,,0.20735,3.135845007962112e-05,8.538398380881317e-06,0.1687362440275988,0.1687362440275988
HRAS,2.0,21.811945470136326,238666.133404283,0.005,0.0005,0.0001575855,0.1,9.550639e-06,k88_2,20.16,30.35,746.46,,,0.0,,,,0.20735,9.5506390619481e-06,6.344015930440649e-06,0.06941617172326359,0.06941617172326359
NF1,2.0,1.683995790010525,45664.55132432199,0.005,0.0005,0.0005091225,0.1,2.3141929999999998e-05,k89_2,8.32,77.35,16.04,,,0.0,,,,0.0044555555555555555,2.3141933111643472e-05,2.4892163346977853e-06,0.06749954349496162,0.06749954349496162
RAF1,2.0,20.4479488801278,111435.37623983165,0.005,0.0005,0.0008083777999999999,0.1,2.44963e-05,k90_2,7.86,20.01,2.85,,,0.0,,,,0.0007916666666666666,2.449629560927146e-05,9.622233057914727e-06,0.05243837254102974,0.05243837254102974
BRAF,4.0,6.0639848400379,258326.4408805568,0.005,0.0005,0.0003966198,0.1,7.211269e-05,k91_2,7.86,20.01,2.85,2.67,,0.0,,,,0.0007916666666666666,7.211269044527104e-05,9.622233057914727e-06,0.4099082179035943,0.4099082179035943
MAP2K1,2.0,19.70395074012315,160665.36143448105,0.005,0.0005,0.0002398584,0.1,2.180531e-05,k92_2,10.665,86.8,862.7,8.83,,0.0,,,,0.2396388888888889,2.1805309568388866e-05,2.218212943420204e-06,0.01808723483902821,0.01808723483902821
MAP2K2,2.0,110.39572401068997,583748.0126529774,0.005,0.0005,0.00028881130000000003,0.1,1.750372e-05,k93_2,10.665,86.8,862.7,11.0,,0.0,,,,0.2396388888888889,1.75037166808067e-05,2.218212943420204e-06,0.011729416233886635,0.011729416233886635
DUSP6,2.0,5.819985450036375,70442.9875618194,0.005,0.0005,0.007120649000000001,0.1,0.001333386,k94_2,27.915,10.98,5.915,0.1444,0.75,0.0,,,,0.0016430555555555556,0.001333385619729042,0.0002567211779851649,3.107259786629118,3.107259786629118
RPS6KA1,2.0,12.587968530078674,164410.70798786468,0.005,0.0005,8.680122e-05,0.1,1.578204e-05,k95_2,12.2,90.15,95.38,,,0.0,,,,0.026494444444444442,1.5782039630235548e-05,2.135783510691888e-06,0.027895341354135544,0.027895341354135544
RPS6KA2,2.0,2.675993310016725,170043.62819882174,0.005,0.0005,0.0001813313,0.1,1.6484660000000002e-05,k96_2,11.68,64.14,54.49,,,0.0,,,,0.015136111111111112,1.6484664682266584e-05,3.0018846817722745e-06,0.1907521071941068,0.1907521071941068
RPS6KA3,2.0,20.5439486401284,324957.07704595575,0.005,0.0005,0.0005146901,0.1,2.3395e-05,k97_2,8.23,51.11,21.37,,,0.0,,,,0.005936111111111112,2.3395004069121954e-05,3.7671861375244313e-06,0.05958804791532676,0.05958804791532676
RPS6KA4,2.0,16.699958250104373,141235.1944583678,0.005,0.0005,9.281112e-05,0.1,1.687475e-05,k98_2,11.41,29.38,11.77,,,0.0,,,,0.003269444444444444,1.6874748772031e-05,6.55346778382824e-06,0.05542410842972289,0.05542410842972289
DUSP1,2.0,33.695915760210596,0.0,0.005,0.0005,0.01445427,0.1,0.001333386,k99_2,27.915,10.98,5.915,0.1444,0.75,0.0,,,,0.0016430555555555556,0.001333385619729042,0.0002567211779851649,0.0,0.0016430555555555556
FOS,2.0,154.71561321096698,1428725.4196285761,0.005,0.0005,0.01869899,0.1,0.001333386,k100_2,10.86,14.42,234.93,0.1444,0.75,0.3,,,,0.06525833333333333,0.001333385619729042,0.0002567211779851649,2.3706985037396193,2.3706985037396193
JUN,2.0,71.37982155044612,471258.4354106771,0.005,0.0005,0.02217217,0.1,0.0005776804,k101_2,10.86,14.42,234.93,0.3333,2.1667,0.0,,,,0.06525833333333333,0.0005776804185084719,8.886365601554147e-05,0.5866888791415722,0.5866888791415722
MYC,2.0,17.3919565201087,72119.96657430922,0.005,0.0005,0.0017243629999999998,0.1,0.0002406761,k102_2,10.86,14.42,234.93,0.8,0.5,0.0,,,,0.06525833333333333,0.0002406761043610921,0.0003850817669777474,1.596834958200407,1.596834958200407
CTNNB1,2.0,43.25989185027037,137880.64825275776,0.005,0.0005,0.0032178790000000003,0.1,1.772936e-05,k103_2,10.86,14.42,234.93,,,0.0,,,,0.06525833333333333,1.772936312052244e-05,1.3352349756509965e-05,0.04255744897599969,0.04255744897599969
PTEN,2.0,3.123992190019525,86549.75008653734,0.005,0.0005,0.002055394,0.1,1.624818e-05,k104_2,11.85,132.94,21.82,,,0.0,,,,0.006061111111111111,1.624817582184588e-05,1.4483291972985835e-06,0.04012575014422305,0.04012575014422305
AKT1,2.0,95.52376119059703,503895.27532793354,0.005,0.0005,6.622732e-05,0.1,1.204133e-05,k105_2,15.99,27.79,20.86,,,0.0,,,,0.005794444444444444,1.2041331049960831e-05,6.92842329934774e-06,0.03654797217466515,0.03654797217466515
AKT2,2.0,44.69188827027932,554896.429961627,0.005,0.0005,0.00023359740000000002,0.1,1.4157420000000002e-05,k106_2,13.6,41.17,9.15,,,0.0,,,,0.002541666666666667,1.4157417903593654e-05,4.67672779909822e-06,0.058066455906444076,0.058066455906444076
PDPK1,2.0,5.3119867200332,165305.01000568303,0.005,0.0005,0.0004987323,0.1,3.02262e-05,k107_2,6.37,27.48,25.19,,,0.0,,,,0.006997222222222222,3.0226198349901677e-05,7.006582368590746e-06,0.21803954520019894,0.21803954520019894
RICTOR,2.0,0.595998510003725,22570.195070413498,0.005,0.0005,0.001379772,0.1,6.27169e-05,k108_2,3.07,26.59,42.94,,,0.0,,,,0.011927777777777777,6.271690015924224e-05,7.241101297061816e-06,0.274217243929499,0.274217243929499
MTOR,2.0,13.935965160087102,224815.10834305087,0.005,0.0005,6.727921999999999e-05,0.1,1.223258e-05,k109_2,15.74,37.35,12.55,,,0.0,,,,0.0034861111111111113,1.2232584719750551e-05,5.155043734641866e-06,0.08316120931730522,0.08316120931730522
GSK3B,2.0,10.239974400064,154269.10329202676,0.005,0.0005,0.00046857290000000003,0.1,2.8398359999999996e-05,k110_2,6.78,32.89,314.57,,,0.0,,,,0.08738055555555556,2.839836039658904e-05,5.854085846423645e-06,0.08819402655114811,0.08819402655114811
TSC1,2.0,2.35999410001475,88084.99152519957,0.005,0.0005,0.0007457569000000001,0.1,3.389804e-05,k111_2,5.68,52.3,5.45,,,0.0,,,,0.0015138888888888888,3.389804286775945e-05,3.6814700475884072e-06,0.13740807993548548,0.13740807993548548
TSC2,2.0,10.843972890067775,189576.8947990811,0.005,0.0005,6.698133000000001e-05,0.1,1.2178419999999998e-05,k112_2,15.81,35.97,1.46,,,0.0,,,,0.00040555555555555554,1.2178424003091315e-05,5.352818556821621e-06,0.09357923804425883,0.09357923804425883
PRKCA,2.0,6.619983450041375,263210.7109266753,0.005,0.0005,0.0002937517,0.1,2.67047e-05,k113_2,7.21,60.55,17.4,,,0.0,,,,0.004833333333333333,2.670469951301993e-05,3.1798659535734713e-06,0.1264315514695694,0.1264315514695694
PRKCB,2.0,1.371996570008575,86964.0755912941,0.005,0.0005,0.0001468758,0.1,2.67047e-05,k114_2,7.21,60.55,17.4,,,0.0,,,,0.004833333333333333,2.670469951301993e-05,3.1798659535734713e-06,0.20155597266181027,0.20155597266181027
PRKCG,2.0,0.035999910000225,8429.540678302516,0.005,0.0005,0.0,0.0,2.67047e-05,k115_2,7.21,60.55,17.4,,,0.0,,,,0.004833333333333333,2.670469951301993e-05,3.1798659535734713e-06,0.7445799005338976,0.7445799005338976
PRKCD,2.0,12.56796858007855,188271.9952651349,0.005,0.0005,0.0004406275,0.1,2.67047e-05,k116_2,7.21,60.55,17.4,,,0.0,,,,0.004833333333333333,2.670469951301993e-05,3.1798659535734713e-06,0.04763535999794857,0.04763535999794857
PEBP1,2.0,51.679870800322995,74431.82871149354,0.005,0.0005,0.002270108,0.1,1.115532e-05,k117_2,17.26,324.85,648.8,,,0.0,,,,0.1802222222222222,1.1155323492982251e-05,5.927070447556524e-07,0.0008536451145901962,0.0008536451145901962
MAPK1,2.0,20.575948560128598,263124.8020178541,0.005,0.0005,0.0006437537000000001,0.1,1.950769e-05,k118_2,9.87,53.2,1589.68,,,0.0,,,,0.4415777777777778,1.9507688296745054e-05,3.619189539264543e-06,0.0462821205156687,0.0462821205156687
MAPK3,2.0,20.563948590128525,328918.557252847,0.005,0.0005,0.00018481240000000002,0.1,1.6801120000000002e-05,k119_2,11.46,120.4,135.72,,,0.0,,,,0.0377,1.6801124213688804e-05,1.5991767731634028e-06,0.025578692473179458,0.025578692473179458
FOXO3,2.0,3.107992230019425,98371.14406130517,0.005,0.0005,0.00177979,0.1,8.089953000000001e-05,k120_2,26.28,46.45,120.83,2.38,,0.0,,,,0.033563888888888886,8.089953087767803e-05,4.145121280707722e-06,0.13119734300414662,0.13119734300414662
RHEB,4.0,162.2235944410139,626421.9447545153,0.005,0.0005,0.004241372,0.1,2.4876079999999996e-05,k121_2,7.74,22.92,409.05,,,0.0,,,,0.113625,2.4876083138097376e-05,8.400562106844402e-06,0.032438539351401084,0.032438539351401084
RPTOR,2.0,5.5199862000345,148081.12765833904,0.005,0.0005,7.657085e-05,0.1,1.3921970000000001e-05,k122_2,13.83,7.56,42.94,,,0.0,,,,0.011927777777777777,1.3921972775768162e-05,2.54683708318616e-05,0.6832236414611408,0.6832236414611408
RPS6KB1,2.0,4.15198962002595,86585.5712743446,0.005,0.0005,0.00033406150000000003,0.1,2.024615e-05,k123_2,9.51,30.03,40.68,,,0.0,,,,0.0113,2.024614968337263e-05,6.411617831797325e-06,0.13370784697565705,0.13370784697565705
RPS6KB2,2.0,15.479961300096752,112766.69596860655,0.005,0.0005,0.00022270759999999998,0.1,2.024615e-05,k124_2,9.51,30.03,40.68,,,0.0,,,,0.0113,2.024614968337263e-05,6.411617831797325e-06,0.046706638646484624,0.046706638646484624
EIF4EBP1,2.0,48.0638798403004,127913.13665449234,0.005,0.0005,0.004695571,0.1,2.246685e-05,k125_2,1.98,6.36,448.24,8.57,,0.0,,,,0.12451111111111111,2.2466847548293312e-05,3.02737238190053e-05,0.08056792303841158,0.08056792303841158
SOS1,2.0,2.123994690013275,56379.317131646196,0.005,0.0005,0.0004213428,0.1,2.553593e-05,k126_2,7.54,38.51,32.2,,,0.0,,,,0.008944444444444446,2.5535926192158313e-05,4.999763268991786e-06,0.13271372110816446,0.13271372110816446
CDKN2A,2.0,118.36370409073979,2446165.8521241397,0.005,0.0005,0.0,0.0,1.7471949999999998e-05,k127_2,11.02,14.78,31.25,,,0.0,,,,0.008680555555555556,1.7471949499897794e-05,1.3027123375431237e-05,0.2692253051489383,0.2692253051489383
MDM4,2.0,1.163997090007275,39830.29066262728,0.005,0.0005,0.001260684,0.1,6.54901e-05,k128_2,3.2,0.74,11.51,2.94,,0.0,,,,0.003197222222222222,6.549009642478698e-05,0.00026019038309307255,8.903337194900248,8.903337194900248
FGFR1,2.0,21.651945870135325,576161.604143995,0.005,0.0005,4.7221e-05,0.1,1.791078e-05,k129_2,10.36,29.41,4.64,10.75,,0.0,,,,0.001288888888888889,1.7910779859430112e-05,6.546782845592441e-06,0.1742108967444668,0.1742108967444668
FGFR2,2.0,0.5759985600036,39506.12099445658,0.005,0.0005,0.0008061812,0.1,7.795177e-05,k130_2,10.36,29.41,4.64,2.47,,0.0,,,,0.001288888888888889,7.79517746918517e-05,6.546782845592441e-06,0.44902541982186767,0.44902541982186767
FGF1,2.0,0.563998590003525,133605.90448740462,0.005,0.0005,0.0,0.0,1.925409e-05,k131_2,,,,10.0,10.0,0.05,,,,,1.925408834888737e-05,1.925408834888737e-05,4.561110496601451,4.561110496601451
FGF2,2.0,4.123989690025775,324328.3578133016,0.005,0.0005,0.0,0.0,1.925409e-05,k132_2,,,,10.0,10.0,0.05,,,,,1.925408834888737e-05,1.925408834888737e-05,1.514224652522794,1.514224652522794
EIF4E,2.0,43.17589206026985,1410457.0429445924,0.005,0.0005,0.0039259559999999995,0.1,1.8784479999999998e-05,k133_2,10.25,115.62,1440.79,,,0.0,,,,0.40021944444444446,1.8784476437938897e-05,1.6652904643562852e-06,0.0544012075238895,0.0544012075238895
IRS1,2.0,2.6399934000165,110982.94701061131,0.005,0.0005,0.0009775153,0.1,5.924335e-05,k134_2,3.25,3.31,11.39,,,0.0,,,,0.0031638888888888893,5.924334876580729e-05,5.816945120509779e-05,2.445391386467618,2.445391386467618
IRS2,2.0,1.699995750010625,88220.77456891947,0.005,0.0005,0.0006516768,0.1,5.924335e-05,k135_2,3.25,3.31,11.39,,,0.0,,,,0.0031638888888888893,5.924334876580729e-05,5.816945120509779e-05,3.018686394675175,3.018686394675175
IGF1,2.0,0.74399814000465,0.0,0.005,0.0005,0.0,0.0,1.925409e-05,k136_2,,,,10.0,10.0,0.05,,,,,1.925408834888737e-05,1.925408834888737e-05,0.0,0.05
IGF2,2.0,0.13599966000085,16855.914439595737,0.005,0.0005,0.0,0.0,1.925409e-05,k137_2,,,,10.0,10.0,0.05,,,,,1.925408834888737e-05,1.925408834888737e-05,2.3863682145913763,2.3863682145913763
IGF1R,2.0,1.7919955200112,59887.55353937051,0.005,0.0005,0.0009972016999999999,0.1,6.354484999999999e-05,k138_2,10.36,29.41,4.64,3.03,,0.0,,,,0.001288888888888889,6.35448460359319e-05,6.546782845592441e-06,0.2187900604648829,0.2187900604648829
MSH6,2.0,0.69599826000435,9140.070719833286,0.005,0.0005,0.0007395075999999999,0.1,2.689118e-05,k139_2,7.16,34.73,120.08,,,0.0,,,,0.033355555555555555,2.689118484481476e-05,5.543935602904512e-06,0.0728047272365769,0.0728047272365769
BRCA2,2.0,1.123997190007025,89471.59610903334,0.005,0.0005,0.000295803,0.1,2.689118e-05,k140_2,7.16,34.73,120.08,,2.5,0.0,,,,0.033355555555555555,2.689118484481476e-05,7.701635339554947e-05,6.130599014001196,6.130599014001196
MGMT,2.0,4.059989850025375,230905.5065313733,0.005,0.0005,0.0004126948,0.1,1.500708e-05,k141_2,12.83,34.36,120.08,,,0.0,,,,0.033355555555555555,1.5007083670216187e-05,5.6036345602116905e-06,0.31869785993043864,0.31869785993043864
INSR,2.0,0.34399914000215,28882.351509596316,0.005,0.0005,0.001599062,0.1,5.001062e-05,k142_2,10.36,29.41,4.64,3.85,6.7,0.0,,,,0.001288888888888889,5.001061908801914e-05,2.873744529684682e-05,2.412811254545979,2.412811254545979
INS,2.0,0.0,0.0,0.005,0.0005,0.0,0.0,1.925409e-05,k143_2,,,,10.0,10.0,0.05,,,,,1.925408834888737e-05,1.925408834888737e-05,0.0,0.05
