parameterId	parameterScale	lowerBound	upperBound	nominalValue	estimate
k1_1	log10			0.0042005	0
k1_2	log10			0.04	0
k1_3	log10			5.0	0
k1_4	log10			4.864145	0
k2	log10			2.22319e-06	0
k3_1	log10			140.7475	0
k3_2	log10			100.0	0
k4_1	log10			5.004356	0
k4_2	log10			0.0225196	0
k4_3	log10			100.0	0
k5_1	log10			0.1563861	0
k5_2	log10			100.0	0
k6_1	log10			0.00453508	0
k6_2	log10			100.0	0
k7_1	log10			0.02177823	0
k7_2	log10			100.0	0
k8_1	log10			70.1487	0
k9_1	log10			4.391771	0
k10_1	log10			4.391771	0
k11_1	log10			4.391771	0
k12_1	log10			26.9259	0
k12_2	log10			0.0118	0
k12_3	log10			10.0	0
k12_4	log10			200.0	0
k12_5	log10			100.0	0
k13_1	log10			26.9259	0
k13_2	log10			0.0118	0
k13_3	log10			10.0	0
k13_4	log10			200.0	0
k13_5	log10			100.0	0
k14_1	log10			26.9259	0
k14_2	log10			0.0118	0
k14_3	log10			10.0	0
k14_4	log10			200.0	0
k14_5	log10			100.0	0
k15_1	log10			0.1274	0
k15_2	log10			10.0	0
k15_3	log10			200.0	0
k16_1	log10			0.1274	0
k16_2	log10			10.0	0
k16_3	log10			200.0	0
k17_1	log10			13.1753	0
k18_1	log10			11.4186	0
k19_1	log10			9.2227	0
k20_1	log10			10.5402	0
k21_1	log10			0.03294	0
k21_2	log10			10.0	0
k21_3	log10			200.0	0
k22_1	log10			70.2683	0
k22_2	log10			0.0878	0
k22_3	log10			10.0	0
k22_4	log10			200.0	0
k23_1	log10			9.6619	0
k24_1	log10			4.3918	0
k25_1	log10			8.7835	0
k26_1	log10			5.2701	0
k27_1	log10			0.008744	0
k28_1	log10			0.5312	0
k29_1	log10			0.2635	0
k30_1	log10			0.1792	0
k31_1	log10			0.0082295	0
k32_1	log10			0.296215	0
k33_1	log10			0.0	0
k33_2	log10			100.0	0
k34_1	log10			0.006701184	0
k34_2	log10			100.0	0
k35_1	log10			0.006964813	0
k35_2	log10			100.0	0
k36_1	log10			0.04560789	0
k36_2	log10			100.0	0
k37_1	log10			0.03179686	0
k37_2	log10			100.0	0
k38_1	log10			0.005187646	0
k38_2	log10			100.0	0
k39_1	log10			0.003010974	0
k39_2	log10			100.0	0
k40_1	log10			0.02586757	0
k40_2	log10			100.0	0
k41_1	log10			0.02314422	0
k41_2	log10			100.0	0
k42_1	log10			0.004237084	0
k42_2	log10			100.0	0
k43_1	log10			0.1414059	0
k43_2	log10			100.0	0
k44_1	log10			0.344433	0
k44_2	log10			100.0	0
k45_1	log10			0.04293526	0
k45_2	log10			100.0	0
k46_1	log10			0.02891033	0
k46_2	log10			100.0	0
k47_1	log10			0.1031949	0
k47_2	log10			100.0	0
k48_1	log10			0.4901751	0
k48_2	log10			100.0	0
k49_1	log10			0.3275386	0
k49_2	log10			100.0	0
k50_1	log10			0.07033183	0
k50_2	log10			100.0	0
k51_1	log10			0.1085227	0
k51_2	log10			100.0	0
k52_1	log10			0.008024529	0
k52_2	log10			100.0	0
k53_1	log10			0.02476986	0
k53_2	log10			100.0	0
k54_1	log10			0.1701828	0
k54_2	log10			100.0	0
k55_1	log10			0.5658597	0
k55_2	log10			100.0	0
k56_1	log10			0.02889506	0
k56_2	log10			100.0	0
k57_1	log10			0.4967611	0
k57_2	log10			100.0	0
k58_1	log10			0.07122388	0
k58_2	log10			100.0	0
k59_1	log10			0.07122388	0
k59_2	log10			100.0	0
k60_1	log10			0.5191829	0
k60_2	log10			100.0	0
k61_1	log10			0.05307133	0
k61_2	log10			100.0	0
k62_1	log10			0.006055101	0
k62_2	log10			100.0	0
k63_1	log10			0.01763978	0
k63_2	log10			100.0	0
k64_1	log10			0.03319824	0
k64_2	log10			100.0	0
k65_1	log10			0.01428499	0
k65_2	log10			100.0	0
k66_1	log10			0.07122388	0
k66_2	log10			100.0	0
k67_1	log10			0.03319589	0
k67_2	log10			100.0	0
k68_1	log10			0.03319589	0
k68_2	log10			100.0	0
k69_1	log10			0.07122388	0
k69_2	log10			100.0	0
k70_1	log10			0.003920992	0
k70_2	log10			100.0	0
k71_1	log10			0.05176996	0
k71_2	log10			100.0	0
k72_1	log10			0.6184815	0
k72_2	log10			100.0	0
k73_1	log10			0.03020566	0
k73_2	log10			100.0	0
k74_1	log10			0.03179077	0
k74_2	log10			100.0	0
k75_1	log10			0.01463618	0
k75_2	log10			100.0	0
k76_1	log10			0.01108511	0
k76_2	log10			100.0	0
k77_1	log10			0.002549623	0
k77_2	log10			100.0	0
k78_1	log10			0.002549623	0
k78_2	log10			100.0	0
k79_1	log10			0.0974545	0
k79_2	log10			100.0	0
k80_1	log10			0.00544119	0
k80_2	log10			100.0	0
k81_1	log10			4.918333e-05	0
k81_2	log10			100.0	0
k82_1	log10			0.02728923	0
k82_2	log10			100.0	0
k83_1	log10			0.01395976	0
k83_2	log10			100.0	0
k84_1	log10			0.2953445	0
k84_2	log10			100.0	0
k85_1	log10			0.2953445	0
k85_2	log10			100.0	0
k86_1	log10			0.03608434	0
k86_2	log10			100.0	0
k87_1	log10			0.2077922	0
k87_2	log10			100.0	0
k88_1	log10			1.012784	0
k88_2	log10			100.0	0
k89_1	log10			0.002217992	0
k89_2	log10			100.0	0
k90_1	log10			0.06589921	0
k90_2	log10			100.0	0
k91_1	log10			0.03871855	0
k91_2	log10			100.0	0
k92_1	log10			0.2384683	0
k92_2	log10			100.0	0
k93_1	log10			0.407612	0
k93_2	log10			100.0	0
k94_1	log10			0.0008111827	0
k94_2	log10			100.0	0
k95_1	log10			0.1455156	0
k95_2	log10			100.0	0
k96_1	log10			0.007642617	0
k96_2	log10			100.0	0
k97_1	log10			0.02037869	0
k97_2	log10			100.0	0
k98_1	log10			0.1264408	0
k98_2	log10			100.0	0
k99_1	log10			0.0006845126	0
k99_2	log10			100.0	0
k100_1	log10			0.3941679	0
k100_2	log10			100.0	0
k101_1	log10			0.1648827	0
k101_2	log10			100.0	0
k102_1	log10			39.40506	0
k102_2	log10			100.0	0
k103_1	log10			5.20533	0
k103_2	log10			100.0	0
k104_1	log10			0.0006577276	0
k104_2	log10			100.0	0
k105_1	log10			0.7378095	0
k105_2	log10			100.0	0
k106_1	log10			0.180917	0
k106_2	log10			100.0	0
k107_1	log10			0.122997	0
k107_2	log10			100.0	0
k108_1	log10			0.01636325	0
k108_2	log10			100.0	0
k109_1	log10			0.4239369	0
k109_2	log10			100.0	0
k110_1	log10			0.3710793	0
k110_2	log10			100.0	0
k111_1	log10			0.001418598	0
k111_2	log10			100.0	0
k112_1	log10			0.01530346	0
k112_2	log10			100.0	0
k113_1	log10			0.007713443	0
k113_2	log10			100.0	0
k114_1	log10			0.006884487	0
k114_2	log10			100.0	0
k115_1	log10			0.006884487	0
k115_2	log10			100.0	0
k116_1	log10			0.08877329	0
k116_2	log10			100.0	0
k117_1	log10			0.0749669	0
k117_2	log10			100.0	0
k118_1	log10			0.6472173	0
k118_2	log10			100.0	0
k119_1	log10			0.0877117	0
k119_2	log10			100.0	0
k120_1	log10			0.03933951	0
k120_2	log10			100.0	0
k121_1	log10			0.1285295	0
k121_2	log10			100.0	0
k122_1	log10			0.3704438	0
k122_2	log10			100.0	0
k123_1	log10			0.1502261	0
k123_2	log10			100.0	0
k124_1	log10			0.0557306	0
k124_2	log10			100.0	0
k125_1	log10			0.06125023	0
k125_2	log10			100.0	0
k126_1	log10			0.009427201	0
k126_2	log10			100.0	0
k127_1	log10			0.01236526	0
k127_2	log10			100.0	0
k128_1	log10			0.001518757	0
k128_2	log10			100.0	0
k129_1	log10			0.001835863	0
k129_2	log10			100.0	0
k130_1	log10			0.001835863	0
k130_2	log10			100.0	0
k131_1	log10			0.07122388	0
k131_2	log10			100.0	0
k132_1	log10			0.07122388	0
k132_2	log10			100.0	0
k133_1	log10			0.1190007	0
k133_2	log10			100.0	0
k134_1	log10			0.005799864	0
k134_2	log10			100.0	0
k135_1	log10			0.113843	0
k135_2	log10			100.0	0
k136_1	log10			0.07122388	0
k136_2	log10			100.0	0
k137_1	log10			0.07122388	0
k137_2	log10			100.0	0
k138_1	log10			0.01450361	0
k138_2	log10			100.0	0
k139_1	log10			0.07574784	0
k139_2	log10			100.0	0
k140_1	log10			0.04751087	0
k140_2	log10			100.0	0
k141_1	log10			0.2023389	0
k141_2	log10			100.0	0
k142_1	log10			0.01397178	0
k142_2	log10			100.0	0
k143_1	log10			0.07122388	0
k143_2	log10			100.0	0
k144	log10			0.0	0
k145	log10			0.0	0
k146	log10			0.0	0
k147	log10			7.701635e-05	0
k148	log10			5.543936e-06	0
k149	log10			5.603635e-06	0
k150	log10			0.0	0
k151	log10			0.0002601904	0
k152	log10			6.026319e-06	0
k153	log10			1.208668e-05	0
k154	log10			0.0	0
k155	log10			0.0	0
k156	log10			0.0	0
k157	log10			0.0	0
k158	log10			0.0	0
k159	log10			0.0	0
k160	log10			0.0	0
k161	log10			0.0	0
k162	log10			0.0	0
k163	log10			0.0	0
k164	log10			0.0	0
k165	log10			0.0	0
k166	log10			0.0	0
k167	log10			0.0	0
k168	log10			0.0	0
k169	log10			0.0	0
k170	log10			0.0	0
k171	log10			2.688368e-06	0
k172	log10			0.0001925409	0
k173	log10			2.339785e-06	0
k174	log10			2.85669e-05	0
k175	log10			2.32799e-06	0
k176	log10			5.321161e-07	0
k177	log10			2.85669e-05	0
k178	log10			2.504434e-06	0
k179	log10			2.832733e-06	0
k180	log10			0.0001219627	0
k181	log10			2.471324e-06	0
k182	log10			1.320401e-06	0
k183	log10			2.099911e-06	0
k184	log10			6.060462e-06	0
k185	log10			2.339785e-06	0
k186	log10			9.247881e-06	0
k187	log10			2.750584e-05	0
k188	log10			0.0001283606	0
k189	log10			6.418029e-05	0
k190	log10			0.0	0
k191	log10			0.0	0
k192	log10			0.0	0
k193	log10			0.0	0
k194	log10			0.0	0
k195	log10			0.0	0
k196	log10			0.0	0
k197	log10			1.514877e-05	0
k198	log10			1.039638e-05	0
k199	log10			1.233051e-05	0
k200	log10			0.0	0
k201	log10			0.0	0
k202	log10			6.546783e-06	0
k203	log10			6.418029e-05	0
k204	log10			6.546783e-06	0
k205	log10			6.546783e-06	0
k206	log10			2.873745e-05	0
k207	log10			5.816945e-05	0
k208	log10			9.627044e-05	0
k209	log10			6.506958e-06	0
k210	log10			1.118124e-05	0
k211	log10			6.217013e-06	0
k212	log10			4.809915e-06	0
k213	log10			4.388761e-06	0
k214	log10			8.993035e-06	0
k215	log10			6.776427e-06	0
k216	log10			6.863611e-06	0
k217	log10			2.489216e-06	0
k218	log10			9.622233e-06	0
k219	log10			9.622233e-06	0
k220	log10			2.218213e-06	0
k221	log10			0.0002567212	0
k222	log10			3.230288e-06	0
k223	log10			0.0002567212	0
k224	log10			0.0002567212	0
k225	log10			8.886366e-05	0
k226	log10			0.0003850818	0
k227	log10			1.335235e-05	0
k228	log10			1.448329e-06	0
k229	log10			5.754195e-06	0
k230	log10			7.006582e-06	0
k231	log10			7.241101e-06	0
k232	log10			5.155044e-06	0
k233	log10			5.854086e-06	0
k234	log10			3.68147e-06	0
k235	log10			5.352819e-06	0
k236	log10			3.179866e-06	0
k237	log10			5.92707e-07	0
k238	log10			3.431828e-06	0
k239	log10			4.145121e-06	0
k240	log10			8.400562e-06	0
k241	log10			2.546837e-05	0
k242	log10			6.411618e-06	0
k243	log10			3.027372e-05	0
k244	log10			4.999763e-06	0
k245	log10			1.66529e-06	0
k246	log10			0.001	0
k247	log10			0.1	0
k248_1	log10			0.0002106579	0
k249	log10			1.66529e-06	0
k250	log10			1.66529e-06	0
k251	log10			0.0	0
k252_1	log10			1.388889e-06	0
k253_1	log10			0.0005	0
k253_2	log10			0.002777778	0
k253_3	log10			4.0	0
k253_4	log10			1000.0	0
k254_1	log10			3.888889e-08	0
k255_1	log10			0.0005555556	0
k256_1	log10			3.888889e-07	0
k257	log10			0.0	0
k258	log10			0.0	0
k259_1	log10			1.388889e-07	0
k260_1	log10			2.777778e-08	0
k261_1	log10			0.0002777778	0
k262	log10			0.0	0
k263_1	log10			0.0001944444	0
k264_1	log10			2.777778	0
k264_2	log10			20.0	0
k264_3	log10			2.0	0
k265_1	log10			0.01388889	0
k265_2	log10			4.0	0
k265_3	log10			200.0	0
k266_1	log10			0.002083333	0
k267_1	log10			1.25	0
k267_2	log10			20.0	0
k267_3	log10			2.0	0
k268_1	log10			0.002083333	0
k269_1	log10			122.2128	0
k270_1	log10			122.2128	0
k271_1	log10			211.0104	0
k272_1	log10			211.0104	0
k273_1	log10			12.88008	0
k274_1	log10			12.88008	0
k275_1	log10			1213.38	0
k276_1	log10			1213.38	0
k277_1	log10			48.5856	0
k278_1	log10			48.5856	0
k279_1	log10			111.3804	0
k280_1	log10			111.3804	0
k281_1	log10			15.28632	0
k282_1	log10			15.28632	0
k283_1	log10			291.9924	0
k284_1	log10			291.9924	0
k285_1	log10			363.348	0
k286_1	log10			363.348	0
k287_1	log10			478.62	0
k288_1	log10			478.62	0
k289_1	log10			289.3572	0
k290_1	log10			289.3572	0
k291_1	log10			440.892	0
k292_1	log10			440.892	0
k293_1	log10			594.792	0
k294_1	log10			594.792	0
k295_1	log10			357.246	0
k296_1	log10			357.246	0
k297_1	log10			490.644	0
k298_1	log10			490.644	0
k299_1	log10			1026.18	0
k300_1	log10			1026.18	0
k301_1	log10			380.7	0
k302_1	log10			380.7	0
k303_1	log10			238.6764	0
k304_1	log10			238.6764	0
k305_1	log10			399.312	0
k306_1	log10			399.312	0
k307_1	log10			152.7624	0
k308_1	log10			152.7624	0
k309_1	log10			0.0	0
k310_1	log10			0.0	0
k311_1	log10			0.0	0
k312_1	log10			0.0	0
k313_1	log10			5e-05	0
k314_1	log10			1e-05	0
k315_1	log10			1e-05	0
k316_1	log10			1e-06	0
k316_2	log10			0.005	0
k316_3	log10			0.0	0
k316_4	log10			5000.0	0
k316_5	log10			5.0	0
k316_6	log10			20.0	0
k317_1	log10			0.0	0
k318	log10			2.361111e-06	0
k319	log10			0.002361111	0
k320_1	log10			0.01038889	0
k320_2	log10			10.0	0
k321_1	log10			0.9444444	0
k321_2	log10			10.0	0
k322	log10			4.722222e-05	0
k323_1	log10			0.004722222	0
k323_2	log10			10.0	0
k324_1	log10			0.9444444	0
k324_2	log10			10.0	0
k325	log10			1.180556e-06	0
k326	log10			0.002361111	0
k327	log10			0.0002833333	0
k328	log10			0.0001888889	0
k329	log10			0.0	0
k330_1	log10			0.01888889	0
k330_2	log10			500.0	0
k331_1	log10			0.3541667	0
k331_2	log10			500.0	0
k332	log10			9.444444e-06	0
k333	log10			0.005194444	0
k334	log10			0.0	0
k335_1	log10			8.263889e-06	0
k335_2	log10			150.0	0
k336	log10			0.0004722222	0
k337_1	log10			2.361111	0
k337_2	log10			10.0	0
k338	log10			2.361111e-05	0
k339_1	log10			0.09444444	0
k339_2	log10			10.0	0
k340_1	log10			0.4722222	0
k340_2	log10			10.0	0
k341	log10			7.083333e-06	0
k342	log10			0.0007083333	0
k343	log10			0.0	0
k344_1	log10			9.444444e-06	0
k344_2	log10			200.0	0
k345	log10			0.0004722222	0
k346_1	log10			1.416667	0
k346_2	log10			200.0	0
k346_3	log10			10.0	0
k347_1	log10			0.006611111	0
k347_2	log10			50.0	0
k347_3	log10			10.0	0
k348_1	log10			0.009444444	0
k348_2	log10			10.0	0
k349	log10			9.444444e-06	0
k350	log10			0.0004722222	0
k351	log10			0.0	0
k352_1	log10			0.5194444	0
k352_2	log10			50.0	0
k352_3	log10			40.0	0
k353	log10			2.361111e-05	0
k354	log10			0.0	0
k355_1	log10			0.3777778	0
k355_2	log10			1.0	0
k355_3	log10			0.01	0
k355_4	log10			10.0	0
k356_1	log10			0.02361111	0
k356_2	log10			25.0	0
k356_3	log10			10.0	0
k357	log10			0.0007083333	0
k358	log10			0.0003541667	0
k359	log10			0.0	0
k360_1	log10			9.444444e-06	0
k360_2	log10			200.0	0
k361	log10			0.0004722222	0
k362_1	log10			1.180556	0
k362_2	log10			110.0	0
k362_3	log10			200.0	0
k363	log10			2.361111e-05	0
k364_1	log10			0.008736111	0
k364_2	log10			50.0	0
k364_3	log10			10.0	0
k365_1	log10			0.009444444	0
k365_2	log10			10.0	0
k366	log10			7.083333e-06	0
k367	log10			0.0005902778	0
k368_1	log10			0.4722222	0
k368_2	log10			50.0	0
k369_1	log10			0.04722222	0
k369_2	log10			50.0	0
k370_1	log10			2.361111	0
k370_2	log10			10.0	0
k370_3	log10			10.0	0
k371	log10			4.722222e-05	0
k372_1	log10			0.03777778	0
k372_2	log10			1.0	0
k373_1	log10			0.5902778	0
k373_2	log10			1.0	0
k374	log10			0.0009444444	0
k375	log10			0.0	0
k376	log10			0.0004722222	0
k377	log10			0.0	0
k378_1	log10			0.4722222	0
k378_2	log10			1.0	0
k378_3	log10			0.01	0
k378_4	log10			10.0	0
k379_1	log10			0.01888889	0
k379_2	log10			20.0	0
k379_3	log10			10.0	0
k380	log10			0.0007083333	0
k381	log10			0.0003541667	0
k382	log10			0.0	0
k383_1	log10			1.180556e-05	0
k383_2	log10			50.0	0
k384	log10			0.0004722222	0
k385_1	log10			0.02833333	0
k385_2	log10			0.5	0
k385_3	log10			20.0	0
k385_4	log10			10.0	0
k386	log10			2.361111e-05	0
k387_1	log10			0.009916667	0
k387_2	log10			50.0	0
k387_3	log10			10.0	0
k388_1	log10			0.01841667	0
k388_2	log10			10.0	0
k389	log10			5.666667e-06	0
k390	log10			0.0009444444	0
k391	log10			0.0	0
k392_1	log10			0.03777778	0
k392_2	log10			10.0	0
k393_1	log10			0.3305556	0
k393_2	log10			10.0	0
k394	log10			0.0006611111	0
k395	log10			0.0002361111	0
k396	log10			0.0	0
k397_1	log10			0.4722222	0
k397_2	log10			1.0	0
k397_3	log10			0.01	0
k397_4	log10			10.0	0
k398_1	log10			0.02361111	0
k398_2	log10			11.0	0
k398_3	log10			10.0	0
k399	log10			0.0009444444	0
k400	log10			0.0004722222	0
k401	log10			0.0	0
k402_1	log10			0.005666667	0
k402_2	log10			75.0	0
k402_3	log10			10.0	0
k403_1	log10			0.4722222	0
k403_2	log10			10.0	0
k404	log10			0.0004722222	0
k405	log10			0.0009444444	0
k406_1	log10			0.01888889	0
k406_2	log10			50.0	0
k406_3	log10			50.0	0
k407_1	log10			0.04722222	0
k407_2	log10			50.0	0
k408	log10			2.361111e-05	0
k409	log10			0.0	0
k410	log10			0.0	0
k411	log10			0.0002833333	0
k412	log10			1.416667e-06	0
k413	log10			0.0002361111	0
k414	log10			1.888889e-06	0
k415	log10			0.0004722222	0
k416	log10			1.416667e-06	0
k417	log10			0.0005902778	0
k418	log10			1.133333e-06	0
k419	log10			0.0009444444	0
k420	log10			0.000289731	0
k421	log10			0.00126483	0
k422	log10			0.001	0
k423	log10			1e-06	0
k424	log10			0.003162075	0
k425	log10			0.001	0
k426	log10			0.003162075	0
k427	log10			0.001	0
k428	log10			1.0	0
k429	log10			0.003162075	0
k430	log10			0.001	0
k431	log10			0.0003162075	0
k432	log10			0.001	0
k433	log10			0.001	0
k434	log10			3.162075e-06	0
k435	log10			0.001	0
k436	log10			1.0	0
k437	log10			9.486225e-06	0
k438	log10			0.001	0
k439	log10			1.0	0
k440	log10			0.00632415	0
k441	log10			0.001	0
k442	log10			0.1	0
k443	log10			3.162075e-05	0
k444	log10			0.01	0
k445	log10			1.0	0
k446	log10			3.162075e-06	0
k447	log10			0.001	0
k448	log10			0.0001	0
k449	log10			0.003162075	0
k450	log10			0.001	0
k451	log10			0.0003162075	0
k452	log10			0.001	0
k453	log10			1.0	0
k454	log10			0.01	0
k455	log10			0.01	0
k456	log10			0.003162075	0
k457	log10			0.001	0
k458	log10			316.2075	0
k459	log10			10.0	0
k460	log10			0.003162075	0
k461	log10			0.001	0
k462	log10			316.2075	0
k463	log10			10.0	0
k464	log10			0.003162075	0
k465	log10			0.001	0
k466	log10			0.003162075	0
k467	log10			0.001	0
k468	log10			1.0	0
k469	log10			0.00632415	0
k470	log10			1.0	0
k471	log10			0.1	0
k472	log10			0.00632415	0
k473	log10			1.0	0
k474	log10			0.1	0
k475	log10			0.01	0
k476	log10			0.01	0
k477	log10			0.001581038	0
k478	log10			0.001	0
k479	log10			1.0	0
k480	log10			0.0001581038	0
k481	log10			0.001	0
k482	log10			1.581038e-05	0
k483	log10			0.001	0
k484	log10			0.0001	0
k485	log10			0.01	0
k486	log10			0.01	0
k487	log10			0.00632415	0
k488	log10			0.001	0
k489	log10			0.02213453	0
k490	log10			0.001	0
k491	log10			0.003162075	0
k492	log10			0.001	0
k493	log10			0.003162075	0
k494	log10			0.001	0
k495	log10			0.003162075	0
k496	log10			0.001	0
k497	log10			1.581038e-08	0
k498	log10			0.001	0
k499	log10			1.0	0
k500	log10			0.003162075	0
k501	log10			0.001	0
k502	log10			0.01	0
k503	log10			0.01	0
k504	log10			0.01	0
k505	log10			0.001	0
k506	log10			0.1	0
k507	log10			1e-09	0
k508	log10			0.001	0
k509	log10			0.001	0
k510	log10			0.01	0
k511	log10			0.001	0
k512	log10			0.01	0
k513	log10			0.01	0
k514	log10			0.001	0
k515	log10			0.02	0
k516	log10			0.01	0
k517	log10			0.01	0
k518	log10			0.01	0
k519	log10			0.001	0
k520	log10			0.001	0
k521	log10			0.01	0
k522	log10			0.01	0
k523	log10			0.01	0
k524	log10			0.01	0
k525	log10			0.01	0
k526	log10			0.01	0
k527	log10			0.01	0
k528	log10			0.001	0
k529	log10			0.01	0
k530	log10			0.01	0
k531	log10			0.01	0
k532	log10			0.001	0
k533	log10			0.001	0
k534	log10			0.01	0
k535	log10			0.01	0
k536	log10			0.01	0
k537	log10			0.01	0
k538	log10			0.001	0
k539	log10			0.01	0
k540	log10			0.01	0
k541	log10			0.01	0
k542	log10			0.001	0
k543	log10			0.02	0
k544	log10			0.01	0
k545	log10			0.01	0
k546	log10			0.01	0
k547	log10			0.01	0
k548	log10			0.01	0
k549	log10			0.01	0
k550	log10			0.001	0
k551	log10			0.01	0
k552	log10			0.01	0
k553	log10			0.01	0
k554	log10			0.001	0
k555	log10			0.001	0
k556	log10			0.01	0
k557	log10			0.01	0
k558	log10			0.01	0
k559	log10			0.01	0
k560	log10			0.001	0
k561	log10			0.01	0
k562	log10			0.01	0
k563	log10			0.01	0
k564	log10			0.001	0
k565	log10			0.01	0
k566	log10			0.01	0
k567	log10			0.01	0
k568	log10			0.01	0
k569	log10			0.01	0
k570	log10			0.001	0
k571	log10			0.02	0
k572	log10			0.01	0
k573	log10			0.01	0
k574	log10			0.001	0
k575	log10			0.1	0
k576	log10			0.001	0
k577	log10			0.1	0
k578	log10			0.001	0
k579	log10			0.1	0
k580	log10			0.05	0
k581	log10			0.0016	0
k582	log10			0.01	0
k583	log10			0.01	0
k584	log10			0.05	0
k585	log10			0.0032	0
k586	log10			0.01	0
k587	log10			0.01	0
k588	log10			0.05	0
k589	log10			0.05	0
k590	log10			0.01	0
k591	log10			0.0001	0
k592	log10			2.0	0
k593	log10			0.001	0
k594	log10			0.001	0
k595	log10			2e-05	0
k596	log10			0.01	0
k597	log10			0.001	0
k598	log10			0.004	0
k599	log10			0.001	0
k600	log10			0.001	0
k601	log10			0.01	0
k602	log10			0.01	0
k603	log10			0.0	0
k604	log10			0.01	0
k605	log10			0.0	0
k606	log10			0.1	0
k607	log10			1.0	0
k608	log10			0.1	0
k609	log10			1.0	0
k610	log10			0.1	0
k611	log10			1.0	0
k612	log10			0.001	0
k613	log10			1.0	0
k614	log10			0.001	0
k615	log10			1.0	0
k616	log10			0.001	0
k617	log10			1.0	0
k618	log10			0.001	0
k619	log10			1.0	0
k620	log10			0.001	0
k621	log10			1.0	0
k622	log10			0.001	0
k623	log10			1.0	0
k624	log10			0.001	0
k625	log10			1.0	0
k626	log10			0.001	0
k627	log10			1.0	0
k628	log10			0.001	0
k629	log10			1.0	0
k630	log10			0.002	0
k631	log10			0.001	0
k632	log10			0.001	0
k633	log10			0.001	0
k634	log10			0.001	0
k635	log10			0.001	0
k636	log10			0.001	0
k637	log10			0.001	0
k638	log10			0.001	0
k639	log10			0.001	0
k640	log10			0.001	0
k641	log10			0.001	0
k642	log10			0.001	0
k643	log10			0.001	0
k644	log10			0.001	0
k645	log10			0.001	0
k646	log10			0.002	0
k647	log10			0.001	0
k648	log10			0.002	0
k649	log10			0.001	0
k650	log10			0.001	0
k651	log10			1.0	0
k652	log10			0.1	0
k653	log10			0.0016	0
k654	log10			0.001	0
k655	log10			1.0	0
k656	log10			0.002	0
k657	log10			2e-05	0
k658	log10			0.000347	0
k659	log10			3.12e-05	0
k660	log10			0.000347	0
k661	log10			0.0031	0
k662	log10			9.8e-05	0
k663	log10			0.0031	0
k664	log10			5.58e-06	0
k665	log10			0.01	0
k666	log10			1.0	0
k667	log10			1.0	0
k668	log10			1.0	0
k669	log10			1.0	0
k670	log10			1.0	0
k671	log10			1.0	0
k672	log10			1.0	0
k673	log10			1.0	0
k674	log10			1.0	0
k675	log10			1.0	0
k676	log10			1.0	0
k677	log10			1.0	0
k678	log10			1.0	0
k679	log10			1.0	0
k680	log10			1.0	0
k681	log10			1.0	0
k682	log10			1.0	0
k683	log10			1.0	0
k684	log10			1.0	0
k685	log10			1.0	0
k686	log10			1.0	0
k687	log10			1.0	0
k688	log10			1.0	0
k689	log10			1.0	0
k690	log10			1.0	0
k691	log10			1.0	0
k692	log10			1.0	0
k693	log10			1.0	0
k694	log10			1.0	0
k695	log10			1.0	0
k696	log10			1.0	0
k697	log10			1.0	0
k698	log10			1.0	0
k699	log10			1.0	0
k700	log10			1.0	0
k701	log10			1.0	0
k702	log10			1.0	0
k703	log10			1.0	0
k704	log10			1.0	0
k705	log10			1.0	0
k706	log10			1.0	0
k707	log10			1.0	0
k708	log10			1.0	0
k709	log10			1.0	0
k710	log10			1.0	0
k711	log10			1.0	0
k712	log10			1.0	0
k713	log10			1.0	0
k714	log10			1.0	0
k715	log10			1.0	0
k716	log10			1.0	0
k717	log10			1.0	0
k718	log10			1.0	0
k719	log10			1.0	0
k720	log10			1.0	0
k721	log10			1.0	0
k722	log10			1.0	0
k723	log10			1.0	0
k724	log10			0.001	0
k725	log10			0.001	0
k726	log10			0.001	0
k727	log10			0.001	0
k728	log10			0.001	0
k729	log10			0.001	0
k730	log10			0.001	0
k731	log10			0.001	0
k732	log10			0.001	0
k733	log10			0.001	0
k734	log10			0.001	0
k735	log10			0.001	0
k736	log10			0.001	0
k737	log10			0.001	0
k738	log10			0.001	0
k739	log10			0.001	0
k740	log10			0.001	0
k741	log10			0.001	0
k742	log10			0.001	0
k743	log10			0.001	0
k744	log10			0.001	0
k745	log10			0.001	0
k746	log10			0.001	0
k747	log10			0.001	0
k748	log10			0.001	0
k749	log10			0.001	0
k750	log10			0.001	0
k751	log10			0.001	0
k752	log10			0.001	0
k753	log10			0.001	0
k754	log10			0.001	0
k755	log10			0.001	0
k756	log10			0.001	0
k757	log10			0.001	0
k758	log10			0.001	0
k759	log10			0.001	0
k760	log10			0.001	0
k761	log10			0.001	0
k762	log10			0.001	0
k763	log10			0.001	0
k764	log10			0.001	0
k765	log10			0.001	0
k766	log10			0.001	0
k767	log10			0.001	0
k768	log10			0.001	0
k769	log10			0.001	0
k770	log10			0.001	0
k771	log10			0.001	0
k772	log10			0.001	0
k773	log10			0.001	0
k774	log10			0.001	0
k775	log10			0.001	0
k776	log10			0.001	0
k777	log10			0.001	0
k778	log10			0.001	0
k779	log10			0.001	0
k780	log10			0.001	0
k781	log10			0.001	0
k782_1	log10			0.001667	0
k782_2	log10			2.0	0
k782_3	log10			0.00016667	0
k783_1	log10			0.001667	0
k783_2	log10			2.0	0
k783_3	log10			0.00016667	0
k784_1	log10			0.004667	0
k784_2	log10			2.0	0
k784_3	log10			0.00016667	0
k785_1	log10			0.004667	0
k785_2	log10			2.0	0
k785_3	log10			0.00016667	0
k786_1	log10			0.001667	0
k786_2	log10			2.0	0
k786_3	log10			0.00016667	0
k787_1	log10			0.001667	0
k787_2	log10			2.0	0
k787_3	log10			0.00016667	0
k788_1	log10			0.001667	0
k788_2	log10			2.0	0
k788_3	log10			0.00016667	0
k789_1	log10			0.001667	0
k789_2	log10			2.0	0
k789_3	log10			0.00016667	0
k790_1	log10			0.00016667	0
k790_2	log10			2.0	0
k790_3	log10			0.00016667	0
k791_1	log10			0.00016667	0
k791_2	log10			2.0	0
k791_3	log10			0.00016667	0
k792_1	log10			0.001667	0
k792_2	log10			2.0	0
k792_3	log10			0.00016667	0
k793_1	log10			0.00016667	0
k793_2	log10			2.0	0
k793_3	log10			0.00016667	0
k794_1	log10			0.00016667	0
k794_2	log10			2.0	0
k794_3	log10			0.00016667	0
k795_1	log10			0.00016667	0
k795_2	log10			2.0	0
k795_3	log10			0.00016667	0
k796_1	log10			0.00016667	0
k796_2	log10			2.0	0
k796_3	log10			0.00016667	0
k797_1	log10			0.001667	0
k797_2	log10			2.0	0
k797_3	log10			0.00016667	0
k798_1	log10			0.00016667	0
k798_2	log10			2.0	0
k798_3	log10			0.00016667	0
k799_1	log10			0.00016667	0
k799_2	log10			2.0	0
k799_3	log10			0.00016667	0
k800_1	log10			0.00016667	0
k800_2	log10			2.0	0
k800_3	log10			0.00016667	0
k801_1	log10			0.00016667	0
k801_2	log10			2.0	0
k801_3	log10			0.00016667	0
k802_1	log10			0.00016667	0
k802_2	log10			2.0	0
k802_3	log10			0.00016667	0
k803_1	log10			0.00016667	0
k803_2	log10			2.0	0
k803_3	log10			0.00016667	0
k804_1	log10			0.00016667	0
k804_2	log10			2.0	0
k804_3	log10			0.00016667	0
k805_1	log10			0.00016667	0
k805_2	log10			2.0	0
k805_3	log10			0.00016667	0
k806_1	log10			0.00016667	0
k806_2	log10			2.0	0
k806_3	log10			0.00016667	0
k807_1	log10			7.9309e-05	0
k807_2	log10			2.0	0
k807_3	log10			0.00016667	0
k808_1	log10			0.00016667	0
k808_2	log10			2.0	0
k808_3	log10			0.00016667	0
k809_1	log10			7.9309e-05	0
k809_2	log10			2.0	0
k809_3	log10			0.00016667	0
k810_1	log10			0.00016667	0
k810_2	log10			2.0	0
k810_3	log10			0.00016667	0
k811	log10			1.0	0
k812	log10			1.0	0
k813	log10			1.0	0
k814	log10			1.0	0
k815	log10			1.0	0
k816	log10			1.0	0
k817	log10			1.0	0
k818	log10			1.0	0
k819	log10			1.0	0
k820	log10			1.0	0
k821	log10			1.0	0
k822	log10			1.0	0
k823	log10			1.0	0
k824	log10			1.0	0
k825	log10			1.0	0
k826	log10			1.0	0
k827	log10			1.0	0
k828	log10			1.0	0
k829	log10			1.0	0
k830	log10			1.0	0
k831	log10			1.0	0
k832	log10			1.0	0
k833	log10			1.0	0
k834	log10			1.0	0
k835	log10			1.0	0
k836	log10			1.0	0
k837	log10			1.0	0
k838	log10			1.0	0
k839	log10			1.0	0
k840	log10			1.0	0
k841	log10			1.0	0
k842	log10			1.0	0
k843	log10			1.0	0
k844	log10			1.0	0
k845	log10			1.0	0
k846	log10			1.0	0
k847	log10			1.0	0
k848	log10			1.0	0
k849	log10			1.0	0
k850	log10			1.0	0
k851	log10			1.0	0
k852	log10			1.0	0
k853	log10			1.0	0
k854	log10			1.0	0
k855	log10			1.0	0
k856	log10			1.0	0
k857	log10			1.0	0
k858	log10			1.0	0
k859	log10			1.0	0
k860	log10			1.0	0
k861	log10			1.0	0
k862	log10			1.0	0
k863	log10			1.0	0
k864	log10			1.0	0
k865	log10			1.0	0
k866	log10			1.0	0
k867	log10			1.0	0
k868	log10			1.0	0
k869	log10			0.00085205	0
k870	log10			0.00085205	0
k871	log10			0.00083711	0
k872	log10			0.00083711	0
k873	log10			0.00085205	0
k874	log10			0.00085205	0
k875	log10			0.00085205	0
k876	log10			0.00085205	0
k877	log10			0.0014	0
k878	log10			0.0014	0
k879	log10			0.00085205	0
k880	log10			0.0014	0
k881	log10			0.0014	0
k882	log10			0.0014	0
k883	log10			0.0014	0
k884	log10			0.00085205	0
k885	log10			0.0014	0
k886	log10			0.0014	0
k887	log10			0.0014	0
k888	log10			0.0014	0
k889	log10			0.0014	0
k890	log10			0.0014	0
k891	log10			0.0014	0
k892	log10			0.0014	0
k893	log10			0.0014	0
k894	log10			7.7e-07	0
k895	log10			3.1955e-05	0
k896	log10			7.7e-07	0
k897	log10			3.1955e-05	0
k898	log10			0.009	0
k899	log10			0.01	0
k900	log10			0.01	0
k901	log10			0.01	0
k902	log10			0.008	0
k903	log10			0.008	0
k904	log10			0.011	0
k905	log10			0.011	0
k906	log10			0.007	0
k907	log10			0.008	0
k908	log10			0.008	0
k909	log10			0.009	0
k910	log10			0.009	0
k911	log10			0.01	0
k912	log10			0.011	0
k913	log10			0.011	0
k914	log10			0.009	0
k915	log10			0.012	0
k916	log10			0.012	0
k917	log10			0.002	0
k918	log10			0.002	0
k919	log10			0.001	0
k920	log10			0.001	0
k921	log10			0.008	0
k922	log10			0.008	0
k923	log10			0.005	0
k924	log10			0.007	0
k925	log10			0.005	0
k926	log10			0.007	0
k927	log10			2.6	0
k928	log10			2.6	0
k929	log10			2.6	0
k930	log10			2.6	0
k931	log10			2.6	0
k932	log10			2.6	0
k933	log10			2.6	0
k934	log10			2.6	0
k935	log10			2.6	0
k936	log10			2.6	0
k937	log10			2.6	0
k938	log10			2.6	0
k939	log10			2.6	0
k940	log10			2.6	0
k941	log10			2.6	0
k942	log10			2.6	0
k943	log10			2.6	0
k944	log10			2.6	0
k945	log10			2.6	0
k946	log10			2.6	0
k947	log10			2.6	0
k948	log10			2.6	0
k949	log10			2.6	0
k950	log10			2.6	0
k951	log10			2.6	0
k952	log10			2.6	0
k953	log10			2.6	0
k954	log10			2.6	0
k955	log10			2.6	0
k956	log10			0.009	0
k957	log10			0.01	0
k958	log10			0.01	0
k959	log10			0.01	0
k960	log10			0.008	0
k961	log10			0.008	0
k962	log10			0.011	0
k963	log10			0.011	0
k964	log10			0.007	0
k965	log10			0.008	0
k966	log10			0.008	0
k967	log10			0.009	0
k968	log10			0.009	0
k969	log10			0.01	0
k970	log10			0.011	0
k971	log10			0.011	0
k972	log10			0.009	0
k973	log10			0.012	0
k974	log10			0.012	0
k975	log10			0.002	0
k976	log10			0.002	0
k977	log10			0.001	0
k978	log10			0.001	0
k979	log10			0.008	0
k980	log10			0.008	0
k981	log10			0.005	0
k982	log10			0.007	0
k983	log10			0.005	0
k984	log10			0.007	0
k985	log10			2.6	0
k986	log10			2.6	0
k987	log10			2.6	0
k988	log10			2.6	0
k989	log10			2.6	0
k990	log10			2.6	0
k991	log10			2.6	0
k992	log10			2.6	0
k993	log10			2.6	0
k994	log10			2.6	0
k995	log10			2.6	0
k996	log10			2.6	0
k997	log10			2.6	0
k998	log10			2.6	0
k999	log10			2.6	0
k1000	log10			2.6	0
k1001	log10			2.6	0
k1002	log10			2.6	0
k1003	log10			2.6	0
k1004	log10			2.6	0
k1005	log10			2.6	0
k1006	log10			2.6	0
k1007	log10			2.6	0
k1008	log10			2.6	0
k1009	log10			2.6	0
k1010	log10			2.6	0
k1011	log10			2.6	0
k1012	log10			2.6	0
k1013	log10			2.6	0
k1014	log10			0.004	0
k1015	log10			0.004	0
k1016	log10			0.004	0
k1017	log10			0.004	0
k1018	log10			0.003	0
k1019	log10			0.003	0
k1020	log10			0.003	0
k1021	log10			0.003	0
k1022	log10			0.003	0
k1023	log10			0.003	0
k1024	log10			0.003	0
k1025	log10			0.002	0
k1026	log10			0.002	0
k1027	log10			0.003	0
k1028	log10			0.003	0
k1029	log10			0.003	0
k1030	log10			0.002	0
k1031	log10			0.002	0
k1032	log10			0.002	0
k1033	log10			0.004	0
k1034	log10			0.004	0
k1035	log10			0.005	0
k1036	log10			0.005	0
k1037	log10			0.002	0
k1038	log10			0.006	0
k1039	log10			0.0015	0
k1040	log10			0.0035	0
k1041	log10			0.0015	0
k1042	log10			0.0035	0
k1043	log10			0.51	0
k1044	log10			0.51	0
k1045	log10			0.51	0
k1046	log10			0.51	0
k1047	log10			0.51	0
k1048	log10			0.51	0
k1049	log10			0.51	0
k1050	log10			0.51	0
k1051	log10			0.51	0
k1052	log10			0.51	0
k1053	log10			0.51	0
k1054	log10			0.51	0
k1055	log10			0.51	0
k1056	log10			0.51	0
k1057	log10			0.51	0
k1058	log10			0.51	0
k1059	log10			0.51	0
k1060	log10			0.51	0
k1061	log10			0.51	0
k1062	log10			0.51	0
k1063	log10			0.51	0
k1064	log10			0.51	0
k1065	log10			0.51	0
k1066	log10			0.51	0
k1067	log10			0.51	0
k1068	log10			0.51	0
k1069	log10			0.51	0
k1070	log10			0.51	0
k1071	log10			0.51	0
k1072	log10			0.004	0
k1073	log10			0.002	0
k1074	log10			0.002	0
k1075	log10			0.002	0
k1076	log10			0.01	0
k1077	log10			0.01	0
k1078	log10			0.004	0
k1079	log10			0.004	0
k1080	log10			0.012	0
k1081	log10			0.01	0
k1082	log10			0.01	0
k1083	log10			0.012	0
k1084	log10			0.012	0
k1085	log10			0.006	0
k1086	log10			0.004	0
k1087	log10			0.004	0
k1088	log10			0.012	0
k1089	log10			0.006	0
k1090	log10			0.006	0
k1091	log10			0.006	0
k1092	log10			0.006	0
k1093	log10			0.006	0
k1094	log10			0.006	0
k1095	log10			0.014	0
k1096	log10			0.016	0
k1097	log10			0.0105	0
k1098	log10			0.0145	0
k1099	log10			0.0105	0
k1100	log10			0.0145	0
k1101	log10			0.07	0
k1102	log10			0.07	0
k1103	log10			0.07	0
k1104	log10			0.07	0
k1105	log10			0.07	0
k1106	log10			0.07	0
k1107	log10			0.07	0
k1108	log10			0.07	0
k1109	log10			0.07	0
k1110	log10			0.07	0
k1111	log10			0.07	0
k1112	log10			0.07	0
k1113	log10			0.07	0
k1114	log10			0.07	0
k1115	log10			0.07	0
k1116	log10			0.07	0
k1117	log10			0.07	0
k1118	log10			0.07	0
k1119	log10			0.07	0
k1120	log10			0.07	0
k1121	log10			0.07	0
k1122	log10			0.07	0
k1123	log10			0.07	0
k1124	log10			0.07	0
k1125	log10			0.07	0
k1126	log10			0.07	0
k1127	log10			0.07	0
k1128	log10			0.07	0
k1129	log10			0.07	0
k1130	log10			0.004	0
k1131	log10			0.002	0
k1132	log10			0.002	0
k1133	log10			0.002	0
k1134	log10			0.01	0
k1135	log10			0.01	0
k1136	log10			0.004	0
k1137	log10			0.004	0
k1138	log10			0.012	0
k1139	log10			0.01	0
k1140	log10			0.01	0
k1141	log10			0.012	0
k1142	log10			0.012	0
k1143	log10			0.006	0
k1144	log10			0.004	0
k1145	log10			0.004	0
k1146	log10			0.012	0
k1147	log10			0.006	0
k1148	log10			0.006	0
k1149	log10			0.006	0
k1150	log10			0.006	0
k1151	log10			0.006	0
k1152	log10			0.006	0
k1153	log10			0.014	0
k1154	log10			0.016	0
k1155	log10			0.0105	0
k1156	log10			0.0145	0
k1157	log10			0.0105	0
k1158	log10			0.0145	0
k1159	log10			0.07	0
k1160	log10			0.07	0
k1161	log10			0.07	0
k1162	log10			0.07	0
k1163	log10			0.07	0
k1164	log10			0.07	0
k1165	log10			0.07	0
k1166	log10			0.07	0
k1167	log10			0.07	0
k1168	log10			0.07	0
k1169	log10			0.07	0
k1170	log10			0.07	0
k1171	log10			0.07	0
k1172	log10			0.07	0
k1173	log10			0.07	0
k1174	log10			0.07	0
k1175	log10			0.07	0
k1176	log10			0.07	0
k1177	log10			0.07	0
k1178	log10			0.07	0
k1179	log10			0.07	0
k1180	log10			0.07	0
k1181	log10			0.07	0
k1182	log10			0.07	0
k1183	log10			0.07	0
k1184	log10			0.07	0
k1185	log10			0.07	0
k1186	log10			0.07	0
k1187	log10			0.07	0
k1188	log10			0.001	0
k1189	log10			0.001	0
k1190	log10			0.001	0
k1191	log10			0.001	0
k1192	log10			0.001	0
k1193	log10			0.001	0
k1194	log10			0.001	0
k1195	log10			0.001	0
k1196	log10			0.001	0
k1197	log10			0.001	0
k1198	log10			0.001	0
k1199	log10			0.001	0
k1200	log10			0.001	0
k1201	log10			0.001	0
k1202	log10			0.001	0
k1203	log10			0.001	0
k1204	log10			0.001	0
k1205	log10			0.001	0
k1206	log10			0.001	0
k1207	log10			0.001	0
k1208	log10			0.001	0
k1209	log10			0.001	0
k1210	log10			0.001	0
k1211	log10			0.001	0
k1212	log10			0.001	0
k1213	log10			0.001	0
k1214	log10			0.001	0
k1215	log10			0.001	0
k1216	log10			0.001	0
k1217	log10			0.01	0
k1218	log10			0.01	0
k1219	log10			0.01	0
k1220	log10			0.01	0
k1221	log10			0.01	0
k1222	log10			0.01	0
k1223	log10			0.01	0
k1224	log10			0.01	0
k1225	log10			0.01	0
k1226	log10			0.01	0
k1227	log10			0.01	0
k1228	log10			0.01	0
k1229	log10			0.01	0
k1230	log10			0.01	0
k1231	log10			0.01	0
k1232	log10			0.01	0
k1233	log10			0.01	0
k1234	log10			0.01	0
k1235	log10			0.01	0
k1236	log10			0.01	0
k1237	log10			0.01	0
k1238	log10			0.01	0
k1239	log10			0.01	0
k1240	log10			0.01	0
k1241	log10			0.01	0
k1242	log10			0.01	0
k1243	log10			0.01	0
k1244	log10			0.01	0
k1245	log10			0.01	0
k1246	log10			1.0	0
k1247	log10			1.0	0
k1248	log10			1.0	0
k1249	log10			1.0	0
k1250	log10			1.0	0
k1251	log10			1.0	0
k1252	log10			1.0	0
k1253	log10			1.0	0
k1254	log10			1.0	0
k1255	log10			1.0	0
k1256	log10			1.0	0
k1257	log10			1.0	0
k1258	log10			1.0	0
k1259	log10			1.0	0
k1260	log10			1.0	0
k1261	log10			1.0	0
k1262	log10			1.0	0
k1263	log10			1.0	0
k1264	log10			1.0	0
k1265	log10			1.0	0
k1266	log10			1.0	0
k1267	log10			1.0	0
k1268	log10			1.0	0
k1269	log10			1.0	0
k1270	log10			1.0	0
k1271	log10			1.0	0
k1272	log10			1.0	0
k1273	log10			1.0	0
k1274	log10			1.0	0
k1275	log10			1.0	0
k1276	log10			1.0	0
k1277	log10			1.0	0
k1278	log10			1.0	0
k1279	log10			1.0	0
k1280	log10			1.0	0
k1281	log10			1.0	0
k1282	log10			1.0	0
k1283	log10			1.0	0
k1284	log10			1.0	0
k1285	log10			1.0	0
k1286	log10			1.0	0
k1287	log10			1.0	0
k1288	log10			1.0	0
k1289	log10			1.0	0
k1290	log10			1.0	0
k1291	log10			1.0	0
k1292	log10			1.0	0
k1293	log10			1.0	0
k1294	log10			1.0	0
k1295	log10			1.0	0
k1296	log10			1.0	0
k1297	log10			1.0	0
k1298	log10			1.0	0
k1299	log10			1.0	0
k1300	log10			1.0	0
k1301	log10			1.0	0
k1302	log10			1.0	0
k1303	log10			1.0	0
k1304	log10			10.0	0
k1305	log10			10.0	0
k1306	log10			10.0	0
k1307	log10			10.0	0
k1308	log10			10.0	0
k1309	log10			10.0	0
k1310	log10			10.0	0
k1311	log10			10.0	0
k1312	log10			10.0	0
k1313	log10			10.0	0
k1314	log10			10.0	0
k1315	log10			10.0	0
k1316	log10			10.0	0
k1317	log10			10.0	0
k1318	log10			10.0	0
k1319	log10			10.0	0
k1320	log10			10.0	0
k1321	log10			10.0	0
k1322	log10			10.0	0
k1323	log10			10.0	0
k1324	log10			10.0	0
k1325	log10			10.0	0
k1326	log10			10.0	0
k1327	log10			10.0	0
k1328	log10			10.0	0
k1329	log10			10.0	0
k1330	log10			10.0	0
k1331	log10			10.0	0
k1332	log10			10.0	0
k1333	log10			10.0	0
k1334	log10			10.0	0
k1335	log10			10.0	0
k1336	log10			10.0	0
k1337	log10			10.0	0
k1338	log10			10.0	0
k1339	log10			10.0	0
k1340	log10			10.0	0
k1341	log10			10.0	0
k1342	log10			10.0	0
k1343	log10			10.0	0
k1344	log10			10.0	0
k1345	log10			10.0	0
k1346	log10			10.0	0
k1347	log10			10.0	0
k1348	log10			10.0	0
k1349	log10			10.0	0
k1350	log10			10.0	0
k1351	log10			10.0	0
k1352	log10			10.0	0
k1353	log10			10.0	0
k1354	log10			10.0	0
k1355	log10			10.0	0
k1356	log10			10.0	0
k1357	log10			10.0	0
k1358	log10			10.0	0
k1359	log10			10.0	0
k1360	log10			10.0	0
k1361	log10			10.0	0
k1362	log10			0.001	0
k1363	log10			0.001	0
k1364	log10			0.001	0
k1365	log10			0.001	0
k1366	log10			0.001	0
k1367	log10			0.001	0
k1368	log10			0.001	0
k1369	log10			0.001	0
k1370	log10			0.001	0
k1371	log10			0.001	0
k1372	log10			0.001	0
k1373	log10			0.001	0
k1374	log10			0.001	0
k1375	log10			0.001	0
k1376	log10			0.001	0
k1377	log10			0.001	0
k1378	log10			0.001	0
k1379	log10			0.001	0
k1380	log10			0.001	0
k1381	log10			0.001	0
k1382	log10			0.001	0
k1383	log10			0.001	0
k1384	log10			0.001	0
k1385	log10			0.001	0
k1386	log10			0.001	0
k1387	log10			0.001	0
k1388	log10			0.001	0
k1389	log10			0.001	0
k1390	log10			0.001	0
k1391	log10			0.1	0
k1392	log10			0.1	0
k1393	log10			0.1	0
k1394	log10			0.1	0
k1395	log10			0.1	0
k1396	log10			0.1	0
k1397	log10			0.1	0
k1398	log10			0.1	0
k1399	log10			0.1	0
k1400	log10			0.1	0
k1401	log10			0.1	0
k1402	log10			0.1	0
k1403	log10			0.1	0
k1404	log10			0.1	0
k1405	log10			0.1	0
k1406	log10			0.1	0
k1407	log10			0.1	0
k1408	log10			0.1	0
k1409	log10			0.1	0
k1410	log10			0.1	0
k1411	log10			0.1	0
k1412	log10			0.1	0
k1413	log10			0.1	0
k1414	log10			0.1	0
k1415	log10			0.1	0
k1416	log10			0.1	0
k1417	log10			0.1	0
k1418	log10			0.1	0
k1419	log10			0.1	0
k1420	log10			1.0	0
k1421	log10			1.0	0
k1422	log10			1.0	0
k1423	log10			1.0	0
k1424	log10			1.0	0
k1425	log10			1.0	0
k1426	log10			1.0	0
k1427	log10			1.0	0
k1428	log10			1.0	0
k1429	log10			1.0	0
k1430	log10			1.0	0
k1431	log10			1.0	0
k1432	log10			1.0	0
k1433	log10			1.0	0
k1434	log10			1.0	0
k1435	log10			1.0	0
k1436	log10			1.0	0
k1437	log10			1.0	0
k1438	log10			1.0	0
k1439	log10			1.0	0
k1440	log10			1.0	0
k1441	log10			1.0	0
k1442	log10			1.0	0
k1443	log10			1.0	0
k1444	log10			1.0	0
k1445	log10			1.0	0
k1446	log10			1.0	0
k1447	log10			1.0	0
k1448	log10			1.0	0
k1449	log10			0.001	0
k1450	log10			0.001	0
k1451	log10			0.001	0
k1452	log10			0.001	0
k1453	log10			0.001	0
k1454	log10			0.001	0
k1455	log10			0.001	0
k1456	log10			0.001	0
k1457	log10			0.001	0
k1458	log10			0.001	0
k1459	log10			0.001	0
k1460	log10			0.001	0
k1461	log10			0.001	0
k1462	log10			0.001	0
k1463	log10			0.001	0
k1464	log10			0.001	0
k1465	log10			0.001	0
k1466	log10			0.001	0
k1467	log10			0.001	0
k1468	log10			0.001	0
k1469	log10			0.001	0
k1470	log10			0.001	0
k1471	log10			0.001	0
k1472	log10			0.001	0
k1473	log10			0.001	0
k1474	log10			0.005	0
k1475	log10			0.005	0
k1476	log10			0.005	0
k1477	log10			0.005	0
k1478	log10			0.01	0
k1479	log10			0.01	0
k1480	log10			0.01	0
k1481	log10			0.01	0
k1482	log10			0.01	0
k1483	log10			0.01	0
k1484	log10			0.01	0
k1485	log10			0.01	0
k1486	log10			0.01	0
k1487	log10			0.01	0
k1488	log10			0.01	0
k1489	log10			0.01	0
k1490	log10			0.01	0
k1491	log10			0.01	0
k1492	log10			0.01	0
k1493	log10			0.01	0
k1494	log10			0.01	0
k1495	log10			0.01	0
k1496	log10			0.01	0
k1497	log10			0.01	0
k1498	log10			0.01	0
k1499	log10			0.01	0
k1500	log10			0.01	0
k1501	log10			0.01	0
k1502	log10			0.01	0
k1503	log10			0.05	0
k1504	log10			0.05	0
k1505	log10			0.05	0
k1506	log10			0.05	0
k1507	log10			1.0	0
k1508	log10			1.0	0
k1509	log10			1.0	0
k1510	log10			1.0	0
k1511	log10			1.0	0
k1512	log10			1.0	0
k1513	log10			1.0	0
k1514	log10			1.0	0
k1515	log10			1.0	0
k1516	log10			1.0	0
k1517	log10			1.0	0
k1518	log10			1.0	0
k1519	log10			1.0	0
k1520	log10			1.0	0
k1521	log10			1.0	0
k1522	log10			1.0	0
k1523	log10			1.0	0
k1524	log10			1.0	0
k1525	log10			1.0	0
k1526	log10			1.0	0
k1527	log10			1.0	0
k1528	log10			1.0	0
k1529	log10			1.0	0
k1530	log10			1.0	0
k1531	log10			1.0	0
k1532	log10			5.0	0
k1533	log10			5.0	0
k1534	log10			5.0	0
k1535	log10			5.0	0
k1536	log10			0.001	0
k1537	log10			0.001	0
k1538	log10			0.001	0
k1539	log10			0.001	0
k1540	log10			0.001	0
k1541	log10			0.001	0
k1542	log10			0.001	0
k1543	log10			0.001	0
k1544	log10			0.001	0
k1545	log10			0.001	0
k1546	log10			0.001	0
k1547	log10			0.001	0
k1548	log10			0.001	0
k1549	log10			0.001	0
k1550	log10			0.001	0
k1551	log10			0.001	0
k1552	log10			0.001	0
k1553	log10			0.001	0
k1554	log10			0.001	0
k1555	log10			0.001	0
k1556	log10			0.001	0
k1557	log10			0.001	0
k1558	log10			0.001	0
k1559	log10			0.001	0
k1560	log10			0.001	0
k1561	log10			0.001	0
k1562	log10			0.001	0
k1563	log10			0.001	0
k1564	log10			0.001	0
k1565	log10			0.01	0
k1566	log10			0.01	0
k1567	log10			0.01	0
k1568	log10			0.01	0
k1569	log10			0.01	0
k1570	log10			0.01	0
k1571	log10			0.01	0
k1572	log10			0.01	0
k1573	log10			0.01	0
k1574	log10			0.01	0
k1575	log10			0.01	0
k1576	log10			0.01	0
k1577	log10			0.01	0
k1578	log10			0.01	0
k1579	log10			0.01	0
k1580	log10			0.01	0
k1581	log10			0.01	0
k1582	log10			0.01	0
k1583	log10			0.01	0
k1584	log10			0.01	0
k1585	log10			0.01	0
k1586	log10			0.01	0
k1587	log10			0.01	0
k1588	log10			0.01	0
k1589	log10			0.01	0
k1590	log10			0.01	0
k1591	log10			0.01	0
k1592	log10			0.01	0
k1593	log10			0.01	0
k1594	log10			1.0	0
k1595	log10			1.0	0
k1596	log10			1.0	0
k1597	log10			1.0	0
k1598	log10			1.0	0
k1599	log10			1.0	0
k1600	log10			1.0	0
k1601	log10			1.0	0
k1602	log10			1.0	0
k1603	log10			1.0	0
k1604	log10			1.0	0
k1605	log10			1.0	0
k1606	log10			1.0	0
k1607	log10			1.0	0
k1608	log10			1.0	0
k1609	log10			1.0	0
k1610	log10			1.0	0
k1611	log10			1.0	0
k1612	log10			1.0	0
k1613	log10			1.0	0
k1614	log10			1.0	0
k1615	log10			1.0	0
k1616	log10			1.0	0
k1617	log10			1.0	0
k1618	log10			1.0	0
k1619	log10			1.0	0
k1620	log10			1.0	0
k1621	log10			1.0	0
k1622	log10			1.0	0
k1623	log10			0.008	0
k1624	log10			0.01	0
k1625	log10			0.008	0
k1626	log10			0.01	0
k1627	log10			0.008	0
k1628	log10			0.01	0
k1629	log10			0.008	0
k1630	log10			0.01	0
k1631	log10			0.008	0
k1632	log10			0.01	0
k1633	log10			0.008	0
k1634	log10			0.01	0
k1635	log10			0.008	0
k1636	log10			0.01	0
k1637	log10			0.008	0
k1638	log10			0.01	0
k1639	log10			0.001	0
k1640	log10			0.01	0
k1641	log10			0.001	0
k1642	log10			0.01	0
k1643	log10			0.1	0
k1644	log10			1.0	0
k1645	log10			0.1	0
k1646	log10			1.0	0
k1647	log10			0.1	0
k1648	log10			0.1	0
k1649	log10			0.1	0
k1650	log10			1.0	0
k1651	log10			1.0	0
k1652	log10			0.1	0
k1653	log10			1.0	0
k1654	log10			1.0	0
k1655	log10			0.1	0
k1656	log10			1.0	0
k1657	log10			10.0	0
k1658	log10			0.1	0
k1659	log10			1.0	0
k1660	log10			10.0	0
k1661	log10			0.1	0
k1662	log10			1.0	0
k1663	log10			5.0	0
k1664	log10			0.1	0
k1665	log10			1.0	0
k1666	log10			5.0	0
k1667	log10			0.1	0
k1668	log10			0.01	0
k1669	log10			0.001	0
k1670	log10			1.0	0
k1671	log10			1.0	0
k1672	log10			0.001	0
k1673	log10			1.0	0
k1674	log10			1.0	0
k1675	log10			0.002	0
k1676	log10			0.2	0
k1677	log10			1.0	0
k1678	log10			0.001	0
k1679	log10			0.1	0
k1680	log10			0.01	0
k1681	log10			0.013	0
k1682	log10			0.001	0
k1683	log10			0.1	0
k1684	log10			1.0	0
k1685	log10			0.01	0
k1686	log10			0.001	0
k1687	log10			0.1	0
k1688	log10			1.0	0
k1689	log10			0.01	0
k1690	log10			0.001	0
k1691	log10			0.1	0
k1692	log10			1.0	0
k1693	log10			0.02	0
k1694	log10			2.0	0
k1695	log10			10.0	0
k1696	log10			0.0	0
k1697	log10			0.1	0
k1698	log10			1.0	0
k1699	log10			1.0	0
k1700	log10			0.001	0
k1701	log10			0.1	0
k1702	log10			1.0	0
k1703	log10			0.001	0
k1704	log10			0.1	0
k1705	log10			1.0	0
k1706	log10			0.001	0
k1707	log10			0.1	0
k1708	log10			1.0	0
k1709	log10			1.0	0
k1710	log10			0.011	0
k1711	log10			0.0	0
k1712	log10			0.001	0
k1713	log10			0.1	0
k1714	log10			1.0	0
k1715	log10			0.9	0
k1716	log10			0.011	0
k1717	log10			0.001	0
k1718	log10			0.1	0
k1719	log10			1.0	0
k1720	log10			1.0	0
k1721	log10			0.001	0
k1722	log10			0.1	0
k1723	log10			1.0	0
k1724	log10			0.001	0
k1725	log10			0.1	0
k1726	log10			1.0	0
k1727	log10			0.001	0
k1728	log10			0.01	0
k1729	log10			1.0	0
k1730	log10			100.0	0
k1731	log10			0.001	0
k1732	log10			0.1	0
k1733	log10			0.001	0
k1734	log10			0.1	0
k1735	log10			1.0	0
k1736	log10			0.001	0
k1737	log10			0.0	0
k1738	log10			0.1	0
k1739	log10			0.01	0
k1740	log10			1.0	0
k1741	log10			10.0	0
k1742	log10			0.001	0
k1743	log10			0.1	0
k1744	log10			0.001	0
k1745	log10			0.1	0
k1746	log10			0.001	0
k1747	log10			0.0001	0
k1748	log10			0.05	0
k1749	log10			5.0	0
k1750	log10			10.0	0
k1751	log10			0.01	0
k1752	log10			0.05	0
k1753	log10			5.0	0
k1754	log10			10.0	0
k1755	log10			0.001	0
k1756	log10			1.0	0
k1757	log10			0.0001	0
k1758	log10			0.001	0
k1759	log10			0.1	0
k1760	log10			1.0	0
k1761	log10			0.01	0
k1762_1	log10			60.0	0
k1762_2	log10			4.0	0
k1762_3	log10			200.0	0
k1763	log10			0.01	0
k1764	log10			0.012	0
k1765	log10			0.018	0
k1766	log10			0.01	0
k1767	log10			1.0	0
k1768	log10			1.0	0
k1769	log10			0.0001	0
k1770	log10			0.1	0
k1771	log10			0.1	0
k1772	log10			0.1	0
k1773	log10			0.01	0
k1774	log10			0.001	0
k1775_1	log10			1.0	0
k1775_2	log10			4.0	0
k1775_3	log10			0.1	0
k1776	log10			0.001	0
k1777	log10			0.0001	0
k1778	log10			0.1	0
k1779	log10			1.0	0
k1780	log10			10.0	0
k1781	log10			0.01	0
k1782	log10			0.01	0
k1783	log10			1.0	0
k1784	log10			10.0	0
k1785	log10			0.03	0
k1786	log10			0.005	0
k1787	log10			0.1	0
k1788	log10			1.0	0
k1789	log10			0.001	0
k1790	log10			0.001	0
k1791	log10			0.1	0
k1792	log10			1.0	0
k1793	log10			0.001	0
k1794	log10			0.001	0
k1795	log10			0.0001	0
k1796	log10			0.001	0
k1797	log10			0.001	0
k1798	log10			0.0001	0
k1799	log10			0.001	0
k1800	log10			0.01	0
k1801_1	log10			0.483	0
k1802_1	log10			0.001	0
k1803	log10			0.1	0
k1804	log10			0.01	0
k1805	log10			0.05	0
k1806	log10			0.01	0
k1807	log10			0.1	0
k1808	log10			1e-05	0
k1809	log10			0.1	0
k1810	log10			0.01	0
k1811	log10			5e-06	0
k1812	log10			0.01	0
k1813	log10			0.0004	0
k1814	log10			0.01	0
k1815	log10			0.001	0
k1816	log10			0.0001	0
k1817	log10			0.001	0
k1818	log10			0.0001	0
k1819	log10			0.0	0
k1820	log10			0.0	0
k1821	log10			0.0	0
k1822	log10			0.0	0
k1823	log10			0.001	0
k1824	log10			0.1	0
k1825	log10			1.0	0
k1826	log10			0.005	0
k1827	log10			0.001	0
k1828	log10			0.1	0
k1829	log10			1.0	0
k1830	log10			0.001	0
k1831	log10			0.1	0
k1832	log10			1.0	0
k1833	log10			0.001	0
k1834	log10			2.688368e-06	0
k1835	log10			0.002688368	0
k1836	log10			0.0001925409	0
k1837	log10			2.688368e-06	0
k1838	log10			0.0002339785	0
k1839	log10			2.85669e-05	0
k1840	log10			2.339785e-06	0
k1841	log10			0.000232799	0
k1842	log10			2.32799e-06	0
k1843	log10			5.321161e-05	0
k1844	log10			2.339785e-06	0
k1845	log10			2.85669e-05	0
k1846	log10			2.504434e-06	0
k1847	log10			2.504434e-06	0
k1848	log10			2.832733e-06	0
k1849	log10			0.0002832733	0
k1850	log10			0.0001219627	0
k1851	log10			2.832733e-06	0
k1852	log10			0.0002471324	0
k1853	log10			2.471324e-06	0
k1854	log10			0.0001219627	0
k1855	log10			0.0001219627	0
k1856	log10			2.471324e-06	0
k1857	log10			0.0001219627	0
k1858	log10			2.471324e-06	0
k1859	log10			0.0001219627	0
k1860	log10			1.320401e-06	0
k1861	log10			2.099911e-06	0
k1862	log10			1.320401e-06	0
k1863	log10			6.060462e-06	0
k1864	log10			6.060462e-06	0
k1865	log10			6.060462e-06	0
k1866	log10			6.060462e-06	0
k1867	log10			2.099911e-06	0
k1868	log10			2.85669e-05	0
k1869	log10			2.85669e-05	0
k1870	log10			2.32799e-06	0
k1871	log10			0.0001219627	0
k1872	log10			0.0001219627	0
k1873	log10			0.0001283606	0
k1874	log10			6.418029e-05	0
k1875	log10			0.0001219627	0
k1876	log10			6.418029e-05	0
k1877	log10			0.0006418029	0
k1878	log10			9.247881e-06	0
k1879	log10			9.247881e-05	0
k1880	log10			9.247881e-06	0
k1881	log10			1.514877e-05	0
k1882	log10			1.039638e-05	0
k1883	log10			0.0	0
k1884	log10			1.514877e-05	0
k1885	log10			1.514877e-05	0
k1886	log10			1.514877e-05	0
k1887	log10			1.514877e-05	0
k1888	log10			1.039638e-05	0
k1889	log10			1.233051e-05	0
k1890	log10			1.039638e-05	0
k1891	log10			1.233051e-05	0
k1892	log10			0.0	0
k1893	log10			6.546783e-06	0
k1894	log10			6.546783e-06	0
k1895	log10			6.546783e-06	0
k1896	log10			2.873745e-05	0
k1897	log10			1.514877e-05	0
k1898	log10			1.233051e-05	0
k1899	log10			0.0	0
k1900	log10			6.546783e-06	0
k1901	log10			6.418029e-05	0
k1902	log10			6.546783e-06	0
k1903	log10			1.514877e-05	0
k1904	log10			1.514877e-05	0
k1905	log10			1.514877e-05	0
k1906	log10			1.514877e-05	0
k1907	log10			1.514877e-05	0
k1908	log10			1.233051e-05	0
k1909	log10			1.514877e-05	0
k1910	log10			1.233051e-05	0
k1911	log10			1.233051e-05	0
k1912	log10			1.233051e-05	0
k1913	log10			1.039638e-05	0
k1914	log10			0.0	0
k1915	log10			1.514877e-05	0
k1916	log10			1.233051e-05	0
k1917	log10			0.0	0
k1918	log10			6.546783e-06	0
k1919	log10			6.418029e-05	0
k1920	log10			6.546783e-06	0
k1921	log10			6.546783e-06	0
k1922	log10			2.873745e-05	0
k1923	log10			1.514877e-05	0
k1924	log10			1.514877e-05	0
k1925	log10			1.514877e-05	0
k1926	log10			1.233051e-05	0
k1927	log10			1.233051e-05	0
k1928	log10			0.0	0
k1929	log10			6.546783e-06	0
k1930	log10			6.418029e-05	0
k1931	log10			6.546783e-06	0
k1932	log10			6.546783e-06	0
k1933	log10			2.873745e-05	0
k1934	log10			1.514877e-05	0
k1935	log10			1.039638e-05	0
k1936	log10			3.431828e-06	0
k1937	log10			1.514877e-05	0
k1938	log10			1.514877e-05	0
k1939	log10			1.514877e-05	0
k1940	log10			1.514877e-05	0
k1941	log10			1.514877e-05	0
k1942	log10			1.514877e-05	0
k1943	log10			1.514877e-05	0
k1944	log10			1.514877e-05	0
k1945	log10			1.233051e-05	0
k1946	log10			1.233051e-05	0
k1947	log10			1.514877e-05	0
k1948	log10			1.233051e-05	0
k1949	log10			1.233051e-05	0
k1950	log10			1.039638e-05	0
k1951	log10			0.0	0
k1952	log10			1.514877e-05	0
k1953	log10			1.233051e-05	0
k1954	log10			0.0	0
k1955	log10			0.0	0
k1956	log10			6.546783e-06	0
k1957	log10			6.546783e-06	0
k1958	log10			6.418029e-05	0
k1959	log10			6.418029e-05	0
k1960	log10			6.546783e-06	0
k1961	log10			6.546783e-06	0
k1962	log10			6.546783e-06	0
k1963	log10			2.873745e-05	0
k1964	log10			6.546783e-06	0
k1965	log10			2.873745e-05	0
k1966	log10			5.816945e-05	0
k1967	log10			5.816945e-05	0
k1968	log10			5.816945e-05	0
k1969	log10			5.816945e-05	0
k1970	log10			9.627044e-05	0
k1971	log10			9.627044e-05	0
k1972	log10			9.627044e-05	0
k1973	log10			9.627044e-05	0
k1974	log10			9.627044e-05	0
k1975	log10			9.627044e-05	0
k1976	log10			9.627044e-05	0
k1977	log10			9.627044e-05	0
k1978	log10			9.627044e-05	0
k1979	log10			9.627044e-05	0
k1980	log10			9.627044e-05	0
k1981	log10			9.627044e-05	0
k1982	log10			9.627044e-05	0
k1983	log10			9.627044e-05	0
k1984	log10			9.627044e-05	0
k1985	log10			9.627044e-05	0
k1986	log10			9.627044e-05	0
k1987	log10			9.627044e-05	0
k1988	log10			9.627044e-05	0
k1989	log10			9.627044e-05	0
k1990	log10			9.627044e-05	0
k1991	log10			9.627044e-05	0
k1992	log10			9.627044e-05	0
k1993	log10			9.627044e-05	0
k1994	log10			9.627044e-05	0
k1995	log10			9.627044e-05	0
k1996	log10			9.627044e-05	0
k1997	log10			9.627044e-05	0
k1998	log10			9.627044e-05	0
k1999	log10			0.00021301	0
k2000	log10			0.00021301	0
k2001	log10			0.00083711	0
k2002	log10			0.00083711	0
k2003	log10			0.00021301	0
k2004	log10			0.00021301	0
k2005	log10			0.00021301	0
k2006	log10			0.00021301	0
k2007	log10			8.7106e-05	0
k2008	log10			8.7106e-05	0
k2009	log10			0.00021301	0
k2010	log10			8.7106e-05	0
k2011	log10			8.7106e-05	0
k2012	log10			8.7106e-05	0
k2013	log10			8.7106e-05	0
k2014	log10			0.00021301	0
k2015	log10			8.7106e-05	0
k2016	log10			8.7106e-05	0
k2017	log10			8.7106e-05	0
k2018	log10			8.7106e-05	0
k2019	log10			8.7106e-05	0
k2020	log10			8.7106e-05	0
k2021	log10			8.7106e-05	0
k2022	log10			8.7106e-05	0
k2023	log10			8.7106e-05	0
k2024	log10			8.7106e-05	0
k2025	log10			8.7106e-05	0
k2026	log10			8.7106e-05	0
k2027	log10			8.7106e-05	0
k2028	log10			0.00021301	0
k2029	log10			0.00021301	0
k2030	log10			0.00083711	0
k2031	log10			0.00083711	0
k2032	log10			0.00021301	0
k2033	log10			0.00021301	0
k2034	log10			0.00021301	0
k2035	log10			0.00021301	0
k2036	log10			8.7106e-05	0
k2037	log10			8.7106e-05	0
k2038	log10			0.00021301	0
k2039	log10			8.7106e-05	0
k2040	log10			8.7106e-05	0
k2041	log10			8.7106e-05	0
k2042	log10			8.7106e-05	0
k2043	log10			0.00021301	0
k2044	log10			8.7106e-05	0
k2045	log10			8.7106e-05	0
k2046	log10			8.7106e-05	0
k2047	log10			8.7106e-05	0
k2048	log10			8.7106e-05	0
k2049	log10			8.7106e-05	0
k2050	log10			8.7106e-05	0
k2051	log10			8.7106e-05	0
k2052	log10			8.7106e-05	0
k2053	log10			8.7106e-05	0
k2054	log10			8.7106e-05	0
k2055	log10			8.7106e-05	0
k2056	log10			8.7106e-05	0
k2057	log10			8.7106e-05	0
k2058	log10			8.7106e-05	0
k2059	log10			8.7106e-05	0
k2060	log10			8.7106e-05	0
k2061	log10			1.514877e-05	0
k2062	log10			1.514877e-05	0
k2063	log10			1.514877e-05	0
k2064	log10			1.514877e-05	0
k2065	log10			1.514877e-05	0
k2066	log10			1.514877e-05	0
k2067	log10			1.514877e-05	0
k2068	log10			1.514877e-05	0
k2069	log10			1.233051e-05	0
k2070	log10			1.233051e-05	0
k2071	log10			1.514877e-05	0
k2072	log10			1.233051e-05	0
k2073	log10			1.233051e-05	0
k2074	log10			1.118124e-05	0
k2075	log10			1.118124e-05	0
k2076	log10			1.514877e-05	0
k2077	log10			1.233051e-05	0
k2078	log10			1.118124e-05	0
k2079	log10			1.118124e-05	0
k2080	log10			1.118124e-05	0
k2081	log10			1.118124e-05	0
k2082	log10			6.418029e-05	0
k2083	log10			6.418029e-05	0
k2084	log10			1.118124e-05	0
k2085	log10			1.118124e-05	0
k2086	log10			5.816945e-05	0
k2087	log10			5.816945e-05	0
k2088	log10			5.816945e-05	0
k2089	log10			5.816945e-05	0
k2090	log10			0.00021301	0
k2091	log10			0.00021301	0
k2092	log10			0.00083711	0
k2093	log10			0.00083711	0
k2094	log10			0.00021301	0
k2095	log10			0.00021301	0
k2096	log10			0.00021301	0
k2097	log10			0.00021301	0
k2098	log10			8.7106e-05	0
k2099	log10			8.7106e-05	0
k2100	log10			0.00021301	0
k2101	log10			8.7106e-05	0
k2102	log10			8.7106e-05	0
k2103	log10			8.7106e-05	0
k2104	log10			8.7106e-05	0
k2105	log10			0.00021301	0
k2106	log10			8.7106e-05	0
k2107	log10			8.7106e-05	0
k2108	log10			8.7106e-05	0
k2109	log10			8.7106e-05	0
k2110	log10			8.7106e-05	0
k2111	log10			8.7106e-05	0
k2112	log10			8.7106e-05	0
k2113	log10			8.7106e-05	0
k2114	log10			8.7106e-05	0
k2115	log10			8.7106e-05	0
k2116	log10			8.7106e-05	0
k2117	log10			8.7106e-05	0
k2118	log10			8.7106e-05	0
k2119	log10			1.514877e-05	0
k2120	log10			1.514877e-05	0
k2121	log10			1.514877e-05	0
k2122	log10			1.514877e-05	0
k2123	log10			1.514877e-05	0
k2124	log10			1.514877e-05	0
k2125	log10			1.514877e-05	0
k2126	log10			1.514877e-05	0
k2127	log10			1.233051e-05	0
k2128	log10			1.233051e-05	0
k2129	log10			1.514877e-05	0
k2130	log10			1.233051e-05	0
k2131	log10			1.233051e-05	0
k2132	log10			1.039638e-05	0
k2133	log10			6.217013e-06	0
k2134	log10			1.514877e-05	0
k2135	log10			1.233051e-05	0
k2136	log10			6.217013e-06	0
k2137	log10			6.217013e-06	0
k2138	log10			6.546783e-06	0
k2139	log10			6.546783e-06	0
k2140	log10			6.418029e-05	0
k2141	log10			6.418029e-05	0
k2142	log10			6.546783e-06	0
k2143	log10			6.546783e-06	0
k2144	log10			5.816945e-05	0
k2145	log10			5.816945e-05	0
k2146	log10			5.816945e-05	0
k2147	log10			5.816945e-05	0
k2148	log10			1.514877e-05	0
k2149	log10			1.514877e-05	0
k2150	log10			1.514877e-05	0
k2151	log10			1.514877e-05	0
k2152	log10			1.514877e-05	0
k2153	log10			1.514877e-05	0
k2154	log10			1.514877e-05	0
k2155	log10			1.514877e-05	0
k2156	log10			1.233051e-05	0
k2157	log10			1.233051e-05	0
k2158	log10			1.514877e-05	0
k2159	log10			1.233051e-05	0
k2160	log10			1.233051e-05	0
k2161	log10			1.039638e-05	0
k2162	log10			4.809915e-06	0
k2163	log10			1.514877e-05	0
k2164	log10			1.233051e-05	0
k2165	log10			4.809915e-06	0
k2166	log10			4.809915e-06	0
k2167	log10			6.546783e-06	0
k2168	log10			6.546783e-06	0
k2169	log10			6.418029e-05	0
k2170	log10			6.418029e-05	0
k2171	log10			6.546783e-06	0
k2172	log10			6.546783e-06	0
k2173	log10			5.816945e-05	0
k2174	log10			5.816945e-05	0
k2175	log10			5.816945e-05	0
k2176	log10			5.816945e-05	0
k2177	log10			1.514877e-05	0
k2178	log10			1.514877e-05	0
k2179	log10			1.514877e-05	0
k2180	log10			1.514877e-05	0
k2181	log10			1.514877e-05	0
k2182	log10			1.514877e-05	0
k2183	log10			1.514877e-05	0
k2184	log10			1.514877e-05	0
k2185	log10			1.233051e-05	0
k2186	log10			1.233051e-05	0
k2187	log10			1.514877e-05	0
k2188	log10			1.233051e-05	0
k2189	log10			1.233051e-05	0
k2190	log10			1.039638e-05	0
k2191	log10			8.993035e-06	0
k2192	log10			1.514877e-05	0
k2193	log10			1.233051e-05	0
k2194	log10			8.993035e-06	0
k2195	log10			8.993035e-06	0
k2196	log10			8.993035e-06	0
k2197	log10			8.993035e-06	0
k2198	log10			6.418029e-05	0
k2199	log10			6.418029e-05	0
k2200	log10			8.993035e-06	0
k2201	log10			8.993035e-06	0
k2202	log10			5.816945e-05	0
k2203	log10			5.816945e-05	0
k2204	log10			5.816945e-05	0
k2205	log10			5.816945e-05	0
k2206	log10			0.00021301	0
k2207	log10			0.00021301	0
k2208	log10			0.00083711	0
k2209	log10			0.00083711	0
k2210	log10			0.00021301	0
k2211	log10			0.00021301	0
k2212	log10			0.00021301	0
k2213	log10			0.00021301	0
k2214	log10			8.7106e-05	0
k2215	log10			8.7106e-05	0
k2216	log10			0.00021301	0
k2217	log10			8.7106e-05	0
k2218	log10			8.7106e-05	0
k2219	log10			8.7106e-05	0
k2220	log10			8.7106e-05	0
k2221	log10			0.00021301	0
k2222	log10			8.7106e-05	0
k2223	log10			8.7106e-05	0
k2224	log10			8.7106e-05	0
k2225	log10			8.7106e-05	0
k2226	log10			8.7106e-05	0
k2227	log10			8.7106e-05	0
k2228	log10			8.7106e-05	0
k2229	log10			8.7106e-05	0
k2230	log10			8.7106e-05	0
k2231	log10			8.7106e-05	0
k2232	log10			8.7106e-05	0
k2233	log10			8.7106e-05	0
k2234	log10			8.7106e-05	0
k2235	log10			1.514877e-05	0
k2236	log10			1.514877e-05	0
k2237	log10			1.514877e-05	0
k2238	log10			1.514877e-05	0
k2239	log10			1.514877e-05	0
k2240	log10			1.514877e-05	0
k2241	log10			1.514877e-05	0
k2242	log10			1.514877e-05	0
k2243	log10			1.233051e-05	0
k2244	log10			1.233051e-05	0
k2245	log10			1.514877e-05	0
k2246	log10			1.233051e-05	0
k2247	log10			1.233051e-05	0
k2248	log10			1.118124e-05	0
k2249	log10			1.118124e-05	0
k2250	log10			1.514877e-05	0
k2251	log10			1.233051e-05	0
k2252	log10			1.118124e-05	0
k2253	log10			1.118124e-05	0
k2254	log10			1.118124e-05	0
k2255	log10			1.118124e-05	0
k2256	log10			6.418029e-05	0
k2257	log10			6.418029e-05	0
k2258	log10			1.118124e-05	0
k2259	log10			1.118124e-05	0
k2260	log10			5.816945e-05	0
k2261	log10			5.816945e-05	0
k2262	log10			5.816945e-05	0
k2263	log10			5.816945e-05	0
k2264	log10			1.514877e-05	0
k2265	log10			1.514877e-05	0
k2266	log10			1.514877e-05	0
k2267	log10			1.514877e-05	0
k2268	log10			1.514877e-05	0
k2269	log10			1.514877e-05	0
k2270	log10			1.514877e-05	0
k2271	log10			1.514877e-05	0
k2272	log10			1.233051e-05	0
k2273	log10			1.233051e-05	0
k2274	log10			1.514877e-05	0
k2275	log10			1.233051e-05	0
k2276	log10			1.233051e-05	0
k2277	log10			1.039638e-05	0
k2278	log10			6.217013e-06	0
k2279	log10			1.514877e-05	0
k2280	log10			1.233051e-05	0
k2281	log10			6.217013e-06	0
k2282	log10			6.217013e-06	0
k2283	log10			6.546783e-06	0
k2284	log10			6.546783e-06	0
k2285	log10			6.418029e-05	0
k2286	log10			6.418029e-05	0
k2287	log10			6.546783e-06	0
k2288	log10			6.546783e-06	0
k2289	log10			5.816945e-05	0
k2290	log10			5.816945e-05	0
k2291	log10			5.816945e-05	0
k2292	log10			5.816945e-05	0
k2293	log10			1.514877e-05	0
k2294	log10			1.514877e-05	0
k2295	log10			1.514877e-05	0
k2296	log10			1.514877e-05	0
k2297	log10			1.514877e-05	0
k2298	log10			1.514877e-05	0
k2299	log10			1.514877e-05	0
k2300	log10			1.514877e-05	0
k2301	log10			1.233051e-05	0
k2302	log10			1.233051e-05	0
k2303	log10			1.514877e-05	0
k2304	log10			1.233051e-05	0
k2305	log10			1.233051e-05	0
k2306	log10			1.039638e-05	0
k2307	log10			4.809915e-06	0
k2308	log10			1.514877e-05	0
k2309	log10			1.233051e-05	0
k2310	log10			4.809915e-06	0
k2311	log10			4.809915e-06	0
k2312	log10			6.546783e-06	0
k2313	log10			6.546783e-06	0
k2314	log10			6.418029e-05	0
k2315	log10			6.418029e-05	0
k2316	log10			6.546783e-06	0
k2317	log10			6.546783e-06	0
k2318	log10			5.816945e-05	0
k2319	log10			5.816945e-05	0
k2320	log10			5.816945e-05	0
k2321	log10			5.816945e-05	0
k2322	log10			1.514877e-05	0
k2323	log10			1.514877e-05	0
k2324	log10			1.514877e-05	0
k2325	log10			1.514877e-05	0
k2326	log10			1.514877e-05	0
k2327	log10			1.514877e-05	0
k2328	log10			1.514877e-05	0
k2329	log10			1.514877e-05	0
k2330	log10			1.233051e-05	0
k2331	log10			1.233051e-05	0
k2332	log10			1.514877e-05	0
k2333	log10			1.233051e-05	0
k2334	log10			1.233051e-05	0
k2335	log10			1.039638e-05	0
k2336	log10			8.993035e-06	0
k2337	log10			1.514877e-05	0
k2338	log10			1.233051e-05	0
k2339	log10			8.993035e-06	0
k2340	log10			8.993035e-06	0
k2341	log10			8.993035e-06	0
k2342	log10			8.993035e-06	0
k2343	log10			6.418029e-05	0
k2344	log10			6.418029e-05	0
k2345	log10			8.993035e-06	0
k2346	log10			8.993035e-06	0
k2347	log10			5.816945e-05	0
k2348	log10			5.816945e-05	0
k2349	log10			5.816945e-05	0
k2350	log10			5.816945e-05	0
k2351	log10			1.118124e-05	0
k2352	log10			1.118124e-05	0
k2353	log10			4.809915e-06	0
k2354	log10			4.809915e-06	0
k2355	log10			2.546837e-05	0
k2356	log10			2.546837e-05	0
k2357	log10			1e-05	0
k2358	log10			1e-05	0
k2359	log10			0.0108	0
k2360	log10			6.776427e-06	0
k2361	log10			6.863611e-06	0
k2362	log10			2.489216e-06	0
k2363	log10			9.622233e-06	0
k2364	log10			9.622233e-06	0
k2365	log10			9.622233e-06	0
k2366	log10			2.218213e-06	0
k2367	log10			2.218213e-06	0
k2368	log10			3.431828e-06	0
k2369	log10			3.431828e-06	0
k2370	log10			3.230288e-06	0
k2371	log10			3.230288e-06	0
k2372	log10			4.813522e-05	0
k2373	log10			4.813522e-05	0
k2374	log10			4.813522e-05	0
k2375	log10			1.335235e-05	0
k2376	log10			1.335235e-05	0
k2377	log10			0.081	0
k2378	log10			4.83e-05	0
k2379	log10			4.83e-05	0
k2380	log10			5.754195e-06	0
k2381	log10			5.754195e-06	0
k2382	log10			5.754195e-06	0
k2383	log10			7.006582e-06	0
k2384	log10			5.754195e-06	0
k2385	log10			7.241101e-06	0
k2386	log10			5.754195e-06	0
k2387	log10			5.854086e-06	0
k2388	log10			5.352819e-06	0
k2389	log10			5.352819e-06	0
k2390	log10			3.179866e-06	0
k2391	log10			5.92707e-07	0
k2392	log10			9.622233e-06	0
k2393	log10			3.431828e-06	0
k2394	log10			3.431828e-06	0
k2395	log10			4.145121e-05	0
k2396	log10			8.400562e-06	0
k2397	log10			6.411618e-06	0
k2398	log10			3.027372e-05	0
k2399	log10			1.118124e-05	0
k2400	log10			9.622233e-06	0
k2401	log10			6.863611e-06	0
k2402	log10			6.863611e-06	0
k2403	log10			3.431828e-06	0
k2404	log10			9.622233e-06	0
k2405	log10			9.622233e-06	0
k2406	log10			3.431828e-06	0
k2407	log10			3.431828e-06	0
k2408	log10			3.431828e-06	0
k2409	log10			0.0002567212	0
k2410	log10			0.0002567212	0
k2411	log10			0.0002567212	0
k2412	log10			0.0002567212	0
k2413	log10			3.179866e-06	0
k2414	log10			1.448329e-06	0
k2415	log10			7.006582e-06	0
k2416	log10			7.241101e-06	0
k2417	log10			5.854086e-06	0
k2418	log10			5.754195e-06	0
k2419	log10			5.352819e-06	0
k2420	log10			8.400562e-06	0
k2421	log10			3.027372e-05	0
k2422	log10			2.546837e-05	0
k2423	log10			5.754195e-06	0
k2424	log10			2.546837e-05	0
k2425	log10			0.0002567212	0
k2426	log10			0.0002567212	0
k2427	log10			0.0002567212	0
k2428	log10			9.622233e-06	0
k2429	log10			9.622233e-06	0
k2430	log10			9.622233e-06	0
k2431	log10			9.622233e-06	0
k2432	log10			3.027372e-05	0
k2433	log10			9.622233e-06	0
k2434	log10			9.622233e-06	0
k2435	log10			9.622233e-06	0
k2436	log10			4.145121e-06	0
k2437	log10			2.218213e-06	0
k2438	log10			5.754195e-06	0
k2439	log10			0.0005	0
k2440	log10			0.0005	0
k2441	log10			0.0005	0
k2442	log10			0.0005	0
k2443	log10			0.0005	0
k2444	log10			0.0005	0
k2445	log10			0.0005	0
k2446	log10			0.0005	0
k2447	log10			0.0005	0
k2448	log10			0.0005	0
k2449	log10			0.0005	0
k2450	log10			0.0005	0
k2451	log10			0.0005	0
k2452	log10			0.0005	0
k2453	log10			0.0005	0
k2454	log10			0.0005	0
k2455	log10			0.0005	0
k2456	log10			0.0005	0
k2457	log10			0.0005	0
k2458	log10			0.0005	0
k2459	log10			0.0005	0
k2460	log10			0.0005	0
k2461	log10			0.0005	0
k2462	log10			0.0005	0
k2463	log10			0.0005	0
k2464	log10			0.0005	0
k2465	log10			0.0005	0
k2466	log10			0.0005	0
k2467	log10			0.0005	0
k2468	log10			0.0005	0
k2469	log10			0.0005	0
k2470	log10			0.0005	0
k2471	log10			0.0005	0
k2472	log10			0.0005	0
k2473	log10			0.0005	0
k2474	log10			0.0005	0
k2475	log10			0.0005	0
k2476	log10			0.0005	0
k2477	log10			0.0005	0
k2478	log10			0.0005	0
k2479	log10			0.0005	0
k2480	log10			0.0005	0
k2481	log10			0.0005	0
k2482	log10			0.0005	0
k2483	log10			0.0005	0
k2484	log10			0.0005	0
k2485	log10			0.0005	0
k2486	log10			0.0005	0
k2487	log10			0.0005	0
k2488	log10			0.0005	0
k2489	log10			0.0005	0
k2490	log10			0.0005	0
k2491	log10			0.0005	0
k2492	log10			0.0005	0
k2493	log10			0.0005	0
k2494	log10			0.0005	0
k2495	log10			0.0005	0
k2496	log10			0.0005	0
k2497	log10			0.0005	0
k2498	log10			0.0005	0
k2499	log10			0.0005	0
k2500	log10			0.0005	0
k2501	log10			0.0005	0
k2502	log10			0.0005	0
k2503	log10			0.0005	0
k2504	log10			0.0005	0
k2505	log10			0.0005	0
k2506	log10			0.0005	0
k2507	log10			0.0005	0
k2508	log10			0.0005	0
k2509	log10			0.0005	0
k2510	log10			0.0005	0
k2511	log10			0.0005	0
k2512	log10			0.0005	0
k2513	log10			0.0005	0
k2514	log10			0.0005	0
k2515	log10			0.0005	0
k2516	log10			0.0005	0
k2517	log10			0.0005	0
k2518	log10			0.0005	0
k2519	log10			0.0005	0
k2520	log10			0.0005	0
k2521	log10			0.0005	0
k2522	log10			0.0005	0
k2523	log10			0.0005	0
k2524	log10			0.0005	0
k2525	log10			0.0005	0
k2526	log10			0.0005	0
k2527	log10			0.0005	0
k2528	log10			0.0005	0
k2529	log10			0.0005	0
k2530	log10			0.0005	0
k2531	log10			0.0005	0
k2532	log10			0.0005	0
k2533	log10			0.0005	0
k2534	log10			0.0005	0
k2535	log10			0.0005	0
k2536	log10			0.0005	0
k2537	log10			0.0005	0
k2538	log10			0.0005	0
k2539	log10			0.0005	0
k2540	log10			0.0005	0
k2541	log10			0.0005	0
k2542	log10			0.0005	0
k2543	log10			0.0005	0
k2544	log10			0.0005	0
k2545	log10			0.0005	0
k2546	log10			0.0005	0
k2547	log10			0.0005	0
k2548	log10			0.0005	0
k2549	log10			0.0005	0
k2550	log10			0.0005	0
k2551	log10			0.0005	0
k2552	log10			0.0005	0
k2553	log10			0.0005	0
k2554	log10			0.0005	0
k2555	log10			0.0005	0
k2556	log10			0.0005	0
k2557	log10			0.0005	0
k2558	log10			0.0005	0
k2559	log10			0.0005	0
k2560	log10			0.0005	0
k2561	log10			0.0005	0
k2562	log10			0.0005	0
k2563	log10			0.0005	0
k2564	log10			0.0005	0
k2565	log10			0.0005	0
k2566	log10			0.0005	0
k2567	log10			0.0005	0
k2568	log10			0.0005	0
k2569	log10			0.0005	0
k2570	log10			0.0005	0
k2571	log10			0.0005	0
k2572	log10			0.0005	0
k2573	log10			0.0005	0
k2574	log10			0.0005	0
k2575	log10			0.0005	0
k2576	log10			0.0005	0
k2577	log10			0.0005	0
k2578	log10			0.0005	0
k2579	log10			0.0005	0
k2580	log10			0.005	0
k2581	log10			0.005	0
k2582	log10			0.005	0
k2583	log10			0.005	0
k2584	log10			0.005	0
k2585	log10			0.005	0
k2586	log10			0.005	0
k2587	log10			0.005	0
k2588	log10			0.005	0
k2589	log10			0.005	0
k2590	log10			0.005	0
k2591	log10			0.005	0
k2592	log10			0.005	0
k2593	log10			0.005	0
k2594	log10			0.005	0
k2595	log10			0.005	0
k2596	log10			0.005	0
k2597	log10			0.005	0
k2598	log10			0.005	0
k2599	log10			0.005	0
k2600	log10			0.005	0
k2601	log10			0.005	0
k2602	log10			0.005	0
k2603	log10			0.005	0
k2604	log10			0.005	0
k2605	log10			0.005	0
k2606	log10			0.005	0
k2607	log10			0.005	0
k2608	log10			0.005	0
k2609	log10			0.005	0
k2610	log10			0.005	0
k2611	log10			0.005	0
k2612	log10			0.005	0
k2613	log10			0.005	0
k2614	log10			0.005	0
k2615	log10			0.005	0
k2616	log10			0.005	0
k2617	log10			0.005	0
k2618	log10			0.005	0
k2619	log10			0.005	0
k2620	log10			0.005	0
k2621	log10			0.005	0
k2622	log10			0.005	0
k2623	log10			0.005	0
k2624	log10			0.005	0
k2625	log10			0.005	0
k2626	log10			0.005	0
k2627	log10			0.005	0
k2628	log10			0.005	0
k2629	log10			0.005	0
k2630	log10			0.005	0
k2631	log10			0.005	0
k2632	log10			0.005	0
k2633	log10			0.005	0
k2634	log10			0.005	0
k2635	log10			0.005	0
k2636	log10			0.005	0
k2637	log10			0.005	0
k2638	log10			0.005	0
k2639	log10			0.005	0
k2640	log10			0.005	0
k2641	log10			0.005	0
k2642	log10			0.005	0
k2643	log10			0.005	0
k2644	log10			0.005	0
k2645	log10			0.005	0
k2646	log10			0.005	0
k2647	log10			0.005	0
k2648	log10			0.005	0
k2649	log10			0.005	0
k2650	log10			0.005	0
k2651	log10			0.005	0
k2652	log10			0.005	0
k2653	log10			0.005	0
k2654	log10			0.005	0
k2655	log10			0.005	0
k2656	log10			0.005	0
k2657	log10			0.005	0
k2658	log10			0.005	0
k2659	log10			0.005	0
k2660	log10			0.005	0
k2661	log10			0.005	0
k2662	log10			0.005	0
k2663	log10			0.005	0
k2664	log10			0.005	0
k2665	log10			0.005	0
k2666	log10			0.005	0
k2667	log10			0.005	0
k2668	log10			0.005	0
k2669	log10			0.005	0
k2670	log10			0.005	0
k2671	log10			0.005	0
k2672	log10			0.005	0
k2673	log10			0.005	0
k2674	log10			0.005	0
k2675	log10			0.005	0
k2676	log10			0.005	0
k2677	log10			0.005	0
k2678	log10			0.005	0
k2679	log10			0.005	0
k2680	log10			0.005	0
k2681	log10			0.005	0
k2682	log10			0.005	0
k2683	log10			0.005	0
k2684	log10			0.005	0
k2685	log10			0.005	0
k2686	log10			0.005	0
k2687	log10			0.005	0
k2688	log10			0.005	0
k2689	log10			0.005	0
k2690	log10			0.005	0
k2691	log10			0.005	0
k2692	log10			0.005	0
k2693	log10			0.005	0
k2694	log10			0.005	0
k2695	log10			0.005	0
k2696	log10			0.005	0
k2697	log10			0.005	0
k2698	log10			0.005	0
k2699	log10			0.005	0
k2700	log10			0.005	0
k2701	log10			0.005	0
k2702	log10			0.005	0
k2703	log10			0.005	0
k2704	log10			0.005	0
k2705	log10			0.005	0
k2706	log10			0.005	0
k2707	log10			0.005	0
k2708	log10			0.005	0
k2709	log10			0.005	0
k2710	log10			0.005	0
k2711	log10			0.005	0
k2712	log10			0.005	0
k2713	log10			0.005	0
k2714	log10			0.005	0
k2715	log10			0.005	0
k2716	log10			0.005	0
k2717	log10			0.005	0
k2718	log10			0.005	0
k2719	log10			0.005	0
k2720	log10			0.005	0
k2721_1	log10			0.000724705	0
k2721_2	log10			0.1	0
k2722_1	log10			0.01654648	0
k2722_2	log10			0.1	0
k2723_1	log10			0.000954031	0
k2723_2	log10			0.1	0
k2724_1	log10			0.000215677	0
k2724_2	log10			0.1	0
k2725_1	log10			0.000193597	0
k2725_2	log10			0.1	0
k2726_1	log10			0.002812902	0
k2726_2	log10			0.1	0
k2727_1	log10			0.004500643	0
k2727_2	log10			0.1	0
k2728_1	log10			0.007378104	0
k2728_2	log10			0.1	0
k2729_1	log10			0.007469947	0
k2729_2	log10			0.1	0
k2730_3	log10			1.25	0
k2730_4	log10			3.0	0
k2730_5	log10			450.0	0
k2730_6	log10			3.0	0
k2730_1	log10			0.000453828	0
k2730_2	log10			0.1	0
k2731_3	log10			1.25	0
k2731_4	log10			3.0	0
k2731_5	log10			450.0	0
k2731_6	log10			3.0	0
k2731_1	log10			7.56e-05	0
k2731_2	log10			0.1	0
k2732_3	log10			1.25	0
k2732_4	log10			3.0	0
k2732_5	log10			450.0	0
k2732_6	log10			3.0	0
k2732_1	log10			0.000151264	0
k2732_2	log10			0.1	0
k2733_1	log10			0.01200172	0
k2733_2	log10			0.1	0
k2734_1	log10			0.01200172	0
k2734_2	log10			0.1	0
k2735_1	log10			0.006383891	0
k2735_2	log10			0.1	0
k2736_1	log10			0.00486556	0
k2736_2	log10			0.1	0
k2737_1	log10			0.002066885	0
k2737_2	log10			0.1	0
k2738_1	log10			0.004858994	0
k2738_2	log10			0.1	0
k2739_1	log10			0.01200172	0
k2739_2	log10			0.1	0
k2740_1	log10			0.00837329	0
k2740_2	log10			0.1	0
k2741_1	log10			0.002112978	0
k2741_2	log10			0.1	0
k2742_1	log10			0.01200172	0
k2742_2	log10			0.1	0
k2743_1	log10			0.002000286	0
k2743_2	log10			0.1	0
k2744_1	log10			0.008109267	0
k2744_2	log10			0.1	0
k2745_1	log10			0.003061662	0
k2745_2	log10			0.1	0
k2746_3	log10			50.0	0
k2746_4	log10			4.0	0
k2746_1	log10			0.01268336	0
k2746_2	log10			0.1	0
k2747_1	log10			0.005235381	0
k2747_2	log10			0.1	0
k2748_1	log10			0.000448718	0
k2748_2	log10			0.1	0
k2749_1	log10			0.00111046	0
k2749_2	log10			0.1	0
k2750_1	log10			0.001594156	0
k2750_2	log10			0.1	0
k2751_1	log10			0.0	0
k2751_2	log10			0.0	0
k2752_1	log10			0.000338331	0
k2752_2	log10			0.1	0
k2753_1	log10			0.004398298	0
k2753_2	log10			0.1	0
k2754_1	log10			0.002909272	0
k2754_2	log10			0.1	0
k2755_1	log10			0.001433469	0
k2755_2	log10			0.1	0
k2756_1	log10			0.000895918	0
k2756_2	log10			0.1	0
k2757_1	log10			0.01162289	0
k2757_2	log10			0.1	0
k2758_1	log10			0.002195642	0
k2758_2	log10			0.1	0
k2759_1	log10			0.003805691	0
k2759_2	log10			0.1	0
k2760_1	log10			0.003387716	0
k2760_2	log10			0.1	0
k2761_1	log10			0.00201326	0
k2761_2	log10			0.1	0
k2762_1	log10			0.000605953	0
k2762_2	log10			0.1	0
k2763_1	log10			0.002525377	0
k2763_2	log10			0.1	0
k2764_1	log10			0.0	0
k2764_2	log10			0.0	0
k2765_1	log10			0.000577623	0
k2765_2	log10			0.1	0
k2766_1	log10			0.005930259	0
k2766_2	log10			0.1	0
k2767_1	log10			0.000311769	0
k2767_2	log10			0.1	0
k2768_1	log10			0.009860899	0
k2768_2	log10			0.1	0
k2769_1	log10			0.000609385	0
k2769_2	log10			0.1	0
k2770_1	log10			0.000353581	0
k2770_2	log10			0.1	0
k2771_1	log10			0.000352992	0
k2771_2	log10			0.1	0
k2772_1	log10			0.001349674	0
k2772_2	log10			0.1	0
k2773_3	log10			1350.0	0
k2773_4	log10			4.0	0
k2773_1	log10			0.000444947	0
k2773_2	log10			0.1	0
k2774_3	log10			1350.0	0
k2774_4	log10			4.0	0
k2774_1	log10			0.001817983	0
k2774_2	log10			0.1	0
k2775_3	log10			45.0	0
k2775_4	log10			4.0	0
k2775_1	log10			0.00120157	0
k2775_2	log10			0.1	0
k2776_1	log10			0.0	0
k2776_2	log10			0.0	0
k2777_1	log10			0.0	0
k2777_2	log10			0.0	0
k2778_3	log10			60.0	0
k2778_4	log10			4.0	0
k2778_1	log10			0.000966957	0
k2778_2	log10			0.1	0
k2779_3	log10			60.0	0
k2779_4	log10			4.0	0
k2779_1	log10			0.000348702	0
k2779_2	log10			0.1	0
k2780_3	log10			60.0	0
k2780_4	log10			4.0	0
k2780_1	log10			0.001852738	0
k2780_2	log10			0.1	0
k2781_3	log10			60.0	0
k2781_4	log10			4.0	0
k2781_1	log10			0.0	0
k2781_2	log10			0.0	0
k2782_1	log10			0.0	0
k2782_2	log10			0.0	0
k2783_3	log10			60.0	0
k2783_4	log10			4.0	0
k2783_1	log10			0.001788629	0
k2783_2	log10			0.1	0
k2784_1	log10			0.0	0
k2784_2	log10			0.0	0
k2785_3	log10			60.0	0
k2785_4	log10			4.0	0
k2785_1	log10			0.000234921	0
k2785_2	log10			0.1	0
k2786_3	log10			60.0	0
k2786_4	log10			4.0	0
k2786_1	log10			0.000139518	0
k2786_2	log10			0.1	0
k2787_1	log10			0.0	0
k2787_2	log10			0.0	0
k2788_3	log10			65.0	0
k2788_4	log10			4.0	0
k2788_5	log10			20.0	0
k2788_6	log10			4.0	0
k2788_1	log10			0.00313867	0
k2788_2	log10			0.1	0
k2789_1	log10			0.000699763	0
k2789_2	log10			0.1	0
k2790_1	log10			0.000626612	0
k2790_2	log10			0.1	0
k2791_1	log10			0.00010124	0
k2791_2	log10			0.1	0
k2792_1	log10			0.00010124	0
k2792_2	log10			0.1	0
k2793_1	log10			0.000670237	0
k2793_2	log10			0.1	0
k2794_1	log10			0.000645716	0
k2794_2	log10			0.1	0
k2795_1	log10			0.0	0
k2795_2	log10			0.0	0
k2796_1	log10			0.0	0
k2796_2	log10			0.0	0
k2797_1	log10			0.000827324	0
k2797_2	log10			0.1	0
k2798_1	log10			0.000103315	0
k2798_2	log10			0.1	0
k2799_1	log10			0.003858613	0
k2799_2	log10			0.1	0
k2800_1	log10			0.00020846	0
k2800_2	log10			0.1	0
k2801_1	log10			0.000709769	0
k2801_2	log10			0.1	0
k2802_1	log10			0.0	0
k2802_2	log10			0.0	0
k2803_1	log10			0.000407298	0
k2803_2	log10			0.1	0
k2804_1	log10			0.001503615	0
k2804_2	log10			0.1	0
k2805_1	log10			0.001379772	0
k2805_2	log10			0.1	0
k2806_1	log10			0.000157586	0
k2806_2	log10			0.1	0
k2807_1	log10			0.000509123	0
k2807_2	log10			0.1	0
k2808_1	log10			0.000808378	0
k2808_2	log10			0.1	0
k2809_1	log10			0.00039662	0
k2809_2	log10			0.1	0
k2810_1	log10			0.000239858	0
k2810_2	log10			0.1	0
k2811_1	log10			0.000288811	0
k2811_2	log10			0.1	0
k2812_3	log10			40.0	0
k2812_4	log10			4.0	0
k2812_5	log10			10.0	0
k2812_6	log10			4.0	0
k2812_1	log10			0.007120649	0
k2812_2	log10			0.1	0
k2813_1	log10			8.68e-05	0
k2813_2	log10			0.1	0
k2814_1	log10			0.000181331	0
k2814_2	log10			0.1	0
k2815_1	log10			0.00051469	0
k2815_2	log10			0.1	0
k2816_1	log10			9.28e-05	0
k2816_2	log10			0.1	0
k2817_3	log10			40.0	0
k2817_4	log10			4.0	0
k2817_5	log10			10.0	0
k2817_6	log10			4.0	0
k2817_1	log10			0.01445427	0
k2817_2	log10			0.1	0
k2818_3	log10			20.0	0
k2818_4	log10			4.0	0
k2818_5	log10			5.0	0
k2818_6	log10			4.0	0
k2818_7	log10			0.8	0
k2818_8	log10			4.0	0
k2818_1	log10			0.01869899	0
k2818_2	log10			0.1	0
k2819_3	log10			0.8	0
k2819_4	log10			3.0	0
k2819_1	log10			0.02217217	0
k2819_2	log10			0.1	0
k2820_3	log10			250.0	0
k2820_4	log10			4.0	0
k2820_1	log10			0.001724363	0
k2820_2	log10			0.1	0
k2821_1	log10			0.003217879	0
k2821_2	log10			0.1	0
k2822_1	log10			0.002055394	0
k2822_2	log10			0.1	0
k2823_1	log10			6.62e-05	0
k2823_2	log10			0.1	0
k2824_1	log10			0.000233597	0
k2824_2	log10			0.1	0
k2825_1	log10			0.000498732	0
k2825_2	log10			0.1	0
k2826_1	log10			0.001379772	0
k2826_2	log10			0.1	0
k2827_1	log10			6.73e-05	0
k2827_2	log10			0.1	0
k2828_1	log10			0.000468573	0
k2828_2	log10			0.1	0
k2829_1	log10			0.000745757	0
k2829_2	log10			0.1	0
k2830_1	log10			6.7e-05	0
k2830_2	log10			0.1	0
k2831_1	log10			0.000293752	0
k2831_2	log10			0.1	0
k2832_1	log10			0.000146876	0
k2832_2	log10			0.1	0
k2833_1	log10			0.0	0
k2833_2	log10			0.0	0
k2834_1	log10			0.000440628	0
k2834_2	log10			0.1	0
k2835_1	log10			0.002270108	0
k2835_2	log10			0.1	0
k2836_1	log10			0.000643754	0
k2836_2	log10			0.1	0
k2837_1	log10			0.000184812	0
k2837_2	log10			0.1	0
k2838_1	log10			0.00177979	0
k2838_2	log10			0.1	0
k2839_1	log10			0.004241372	0
k2839_2	log10			0.1	0
k2840_1	log10			7.66e-05	0
k2840_2	log10			0.1	0
k2841_1	log10			0.000334062	0
k2841_2	log10			0.1	0
k2842_1	log10			0.000222708	0
k2842_2	log10			0.1	0
k2843_1	log10			0.004695571	0
k2843_2	log10			0.1	0
k2844_1	log10			0.000421343	0
k2844_2	log10			0.1	0
k2845_1	log10			0.0	0
k2845_2	log10			0.0	0
k2846_1	log10			0.001260684	0
k2846_2	log10			0.1	0
k2847_3	log10			60.0	0
k2847_4	log10			4.0	0
k2847_1	log10			4.72e-05	0
k2847_2	log10			0.1	0
k2848_3	log10			60.0	0
k2848_4	log10			4.0	0
k2848_1	log10			0.000806181	0
k2848_2	log10			0.1	0
k2849_1	log10			0.0	0
k2849_2	log10			0.0	0
k2850_1	log10			0.0	0
k2850_2	log10			0.0	0
k2851_1	log10			0.003925956	0
k2851_2	log10			0.1	0
k2852_1	log10			0.000977515	0
k2852_2	log10			0.1	0
k2853_1	log10			0.000651677	0
k2853_2	log10			0.1	0
k2854_1	log10			0.0	0
k2854_2	log10			0.0	0
k2855_1	log10			0.0	0
k2855_2	log10			0.0	0
k2856_3	log10			60.0	0
k2856_4	log10			4.0	0
k2856_1	log10			0.000997202	0
k2856_2	log10			0.1	0
k2857_1	log10			0.000739508	0
k2857_2	log10			0.1	0
k2858_1	log10			0.000295803	0
k2858_2	log10			0.1	0
k2859_1	log10			0.000412695	0
k2859_2	log10			0.1	0
k2860_3	log10			60.0	0
k2860_4	log10			4.0	0
k2860_1	log10			0.001599062	0
k2860_2	log10			0.1	0
k2861_1	log10			0.0	0
k2861_2	log10			0.0	0
k2862	log10			1.65e-05	0
k2863	log10			6.02e-05	0
k2864	log10			8.67e-05	0
k2865	log10			1.31e-05	0
k2866	log10			1.76e-05	0
k2867	log10			3.01e-05	0
k2868	log10			4.81e-05	0
k2869	log10			7.89e-05	0
k2870	log10			7.99e-05	0
k2871	log10			1.38e-05	0
k2872	log10			1.38e-05	0
k2873	log10			1.38e-05	0
k2874	log10			0.000128361	0
k2875	log10			0.000128361	0
k2876	log10			6.83e-05	0
k2877	log10			5.2e-05	0
k2878	log10			2.21e-05	0
k2879	log10			7.8e-05	0
k2880	log10			0.000128361	0
k2881	log10			8.96e-05	0
k2882	log10			2.26e-05	0
k2883	log10			0.000128361	0
k2884	log10			2.14e-05	0
k2885	log10			8.67e-05	0
k2886	log10			3.27e-05	0
k2887	log10			0.000192541	0
k2888	log10			2.16e-05	0
k2889	log10			4.08e-05	0
k2890	log10			1.84e-05	0
k2891	log10			4.14e-05	0
k2892	log10			0.0	0
k2893	log10			6.15e-05	0
k2894	log10			6.15e-05	0
k2895	log10			5.29e-05	0
k2896	log10			3.26e-05	0
k2897	log10			3.26e-05	0
k2898	log10			5.87e-05	0
k2899	log10			3.07e-05	0
k2900	log10			3.01e-05	0
k2901	log10			2.28e-05	0
k2902	log10			7.32e-05	0
k2903	log10			1.05e-05	0
k2904	log10			3.06e-05	0
k2905	log10			7.03e-05	0
k2906	log10			3.5e-05	0
k2907	log10			7.7e-05	0
k2908	log10			1.89e-05	0
k2909	log10			1.95e-05	0
k2910	log10			1.23e-05	0
k2911	log10			3.21e-05	0
k2912	log10			3.21e-05	0
k2913	log10			1.89e-05	0
k2914	log10			8.09e-05	0
k2915	log10			8.26e-05	0
k2916	log10			8.26e-05	0
k2917	log10			1.93e-05	0
k2918	log10			1.93e-05	0
k2919	log10			2.31e-05	0
k2920	log10			1.82e-05	0
k2921	log10			2.04e-05	0
k2922	log10			2.04e-05	0
k2923	log10			2.31e-05	0
k2924	log10			1.86e-05	0
k2925	log10			1.93e-05	0
k2926	log10			5.2e-05	0
k2927	log10			5.2e-05	0
k2928	log10			1.93e-05	0
k2929	log10			0.000287375	0
k2930	log10			4.24e-05	0
k2931	log10			2.28e-05	0
k2932	log10			1.84e-05	0
k2933	log10			1.84e-05	0
k2934	log10			6.09e-05	0
k2935	log10			5.87e-05	0
k2936	log10			6.42e-05	0
k2937	log10			4.31e-05	0
k2938	log10			7.52e-05	0
k2939	log10			1.88e-05	0
k2940	log10			7.8e-05	0
k2941	log10			3.79e-05	0
k2942	log10			2.58e-05	0
k2943	log10			7.41e-05	0
k2944	log10			7.41e-05	0
k2945	log10			1.95e-05	0
k2946	log10			3.14e-05	0
k2947	log10			9.55e-06	0
k2948	log10			2.31e-05	0
k2949	log10			2.45e-05	0
k2950	log10			7.21e-05	0
k2951	log10			2.18e-05	0
k2952	log10			1.75e-05	0
k2953	log10			0.001333386	0
k2954	log10			1.58e-05	0
k2955	log10			1.65e-05	0
k2956	log10			2.34e-05	0
k2957	log10			1.69e-05	0
k2958	log10			0.001333386	0
k2959	log10			0.001333386	0
k2960	log10			0.00057768	0
k2961	log10			0.000240676	0
k2962	log10			1.77e-05	0
k2963	log10			1.62e-05	0
k2964	log10			1.2e-05	0
k2965	log10			1.42e-05	0
k2966	log10			3.02e-05	0
k2967	log10			6.27e-05	0
k2968	log10			1.22e-05	0
k2969	log10			2.84e-05	0
k2970	log10			3.39e-05	0
k2971	log10			1.22e-05	0
k2972	log10			2.67e-05	0
k2973	log10			2.67e-05	0
k2974	log10			2.67e-05	0
k2975	log10			2.67e-05	0
k2976	log10			1.12e-05	0
k2977	log10			1.95e-05	0
k2978	log10			1.68e-05	0
k2979	log10			8.09e-05	0
k2980	log10			2.49e-05	0
k2981	log10			1.39e-05	0
k2982	log10			2.02e-05	0
k2983	log10			2.02e-05	0
k2984	log10			2.25e-05	0
k2985	log10			2.55e-05	0
k2986	log10			1.75e-05	0
k2987	log10			6.55e-05	0
k2988	log10			1.79e-05	0
k2989	log10			7.8e-05	0
k2990	log10			1.93e-05	0
k2991	log10			1.93e-05	0
k2992	log10			1.88e-05	0
k2993	log10			5.92e-05	0
k2994	log10			5.92e-05	0
k2995	log10			1.93e-05	0
k2996	log10			1.93e-05	0
k2997	log10			6.35e-05	0
k2998	log10			2.69e-05	0
k2999	log10			2.69e-05	0
k3000	log10			1.5e-05	0
k3001	log10			5e-05	0
k3002	log10			1.93e-05	0
